Timestamp;Value
2008-01-01;-4114
2008-01-02;-4117
2008-01-03;-4118
2008-01-04;-4119
2008-01-05;-4124
2008-01-06;-4127
2008-01-07;-4129
2008-01-08;-4132
2008-01-09;-4136
2008-01-10;-4140
2008-01-11;-4146
2008-01-12;-4147
2008-01-13;-4149
2008-01-14;-4152
2008-01-15;-4158
2008-01-16;-4163
2008-01-17;-4166
2008-01-18;-4169
2008-01-19;-4172
2008-01-20;-4175
2008-01-21;-4178
2008-01-22;-4180
2008-01-23;-4183
2008-01-24;-4186
2008-01-25;-4189
2008-01-26;-4192
2008-01-27;-4195
2008-01-28;-4197
2008-01-29;-4199
2008-01-30;-4201
2008-01-31;-4204
2008-02-01;-4207
2008-02-02;-4210
2008-02-03;-4212
2008-02-04;-4216
2008-02-05;-4218
2008-02-06;-4219
2008-02-07;-4223
2008-02-08;-4226
2008-02-09;-4230
2008-02-10;-4233
2008-02-11;-4236
2008-02-12;-4239
2008-02-13;-4242
2008-02-14;-4246
2008-02-15;-4249
2008-02-16;-4252
2008-02-17;-4255
2008-02-18;-4258
2008-02-19;-4261
2008-02-20;-4262
2008-02-21;-4264
2008-02-22;-4270
2008-02-23;-4273
2008-02-24;-4276
2008-02-25;-4279
2008-02-26;-4284
2008-02-27;-4288
2008-02-28;-4291
2008-02-29;-4294
2008-03-01;-4295
2008-03-02;-4298
2008-03-03;-4300
2008-03-04;-4303
2008-03-05;-4307
2008-03-06;-4310
2008-03-07;-4313
2008-03-08;-4317
2008-03-09;-4321
2008-03-10;-4323
2008-03-11;-4327
2008-03-12;-4329
2008-03-13;-4331
2008-03-14;-4334
2008-03-15;-4337
2008-03-16;-4341
2008-03-17;-4344
2008-03-18;-4348
2008-03-19;-4350
2008-03-20;-4351
2008-03-21;-4355
2008-03-22;-4360
2008-03-23;-4362
2008-03-24;-4365
2008-03-25;-4366
2008-03-26;-4369
2008-03-27;-4373
2008-03-28;-4377
2008-03-29;-4381
2008-03-30;-4384
2008-03-31;-4388
2008-04-01;-4391
2008-04-02;-4394
2008-04-03;-4397
2008-04-04;-4402
2008-04-05;-4406
2008-04-06;-4409
2008-04-07;-4411
2008-04-08;-4415
2008-04-09;-4418
2008-04-10;-4420
2008-04-11;-4423
2008-04-12;-4426
2008-04-13;-4430
2008-04-14;-4434
2008-04-15;-4437
2008-04-16;-4442
2008-04-17;-4446
2008-04-18;-4450
2008-04-19;-4453
2008-04-20;-4456
2008-04-21;-4458
2008-04-22;-4458
2008-04-23;-4460
2008-04-24;-4461
2008-04-25;-4463
2008-04-26;-4463
2008-04-27;-4463
2008-04-28;-4463
2008-04-29;-4467
2008-04-30;-4468
2008-05-01;-4470
2008-05-02;-4472
2008-05-03;-4473
2008-05-04;-4475
2008-05-05;-4475
2008-05-06;-4475
2008-05-07;-4473
2008-05-08;-4473
2008-05-09;-4471
2008-05-10;-4468
2008-05-11;-4466
2008-05-12;-4465
2008-05-13;-4464
2008-05-14;-4461
2008-05-15;-4458
2008-05-16;-4453
2008-05-17;-4451
2008-05-18;-4449
2008-05-19;-4447
2008-05-20;-4444
2008-05-21;-4442
2008-05-22;-4440
2008-05-23;-4439
2008-05-24;-4440
2008-05-25;-4441
2008-05-26;-4441
2008-05-27;-4441
2008-05-28;-4442
2008-05-29;-4444
2008-05-30;-4445
2008-05-31;-4448
2008-06-01;-4449
2008-06-02;-4450
2008-06-03;-4451
2008-06-04;-4452
2008-06-05;-4453
2008-06-06;-4453
2008-06-07;-4454
2008-06-08;-4455
2008-06-09;-4455
2008-06-10;-4456
2008-06-11;-4458
2008-06-12;-4459
2008-06-13;-4461
2008-06-14;-4462
2008-06-15;-4462
2008-06-16;-4462
2008-06-17;-4464
2008-06-18;-4465
2008-06-19;-4466
2008-06-20;-4468
2008-06-21;-4469
2008-06-22;-4472
2008-06-23;-4473
2008-06-24;-4475
2008-06-25;-4475
2008-06-26;-4477
2008-06-27;-4477
2008-06-28;-4480
2008-06-29;-4482
2008-06-30;-4482
2008-07-01;-4482
2008-07-02;-4485
2008-07-03;-4487
2008-07-04;-4489
2008-07-05;-4489
2008-07-06;-4483
2008-07-07;-4478
2008-07-08;-4462
2008-07-09;-4450
2008-07-10;-4445
2008-07-11;-4439
2008-07-12;-4433
2008-07-13;-4429
2008-07-14;-4421
2008-07-15;-4414
2008-07-16;-4406
2008-07-17;-4399
2008-07-18;-4392
2008-07-19;-4389
2008-07-20;-4386
2008-07-21;-4382
2008-07-22;-4382
2008-07-23;-4382
2008-07-24;-4380
2008-07-25;-4378
2008-07-26;-4376
2008-07-27;-4375
2008-07-28;-4375
2008-07-29;-4372
2008-07-30;-4365
2008-07-31;-4358
2008-08-01;-4344
2008-08-02;-4332
2008-08-03;-4323
2008-08-04;-4312
2008-08-05;-4300
2008-08-06;-4283
2008-08-07;-4270
2008-08-08;-4257
2008-08-09;-4242
2008-08-10;-4234
2008-08-11;-4227
2008-08-12;-4219
2008-08-13;-4216
2008-08-14;-4211
2008-08-15;-4207
2008-08-16;-4204
2008-08-17;-4199
2008-08-18;-4194
2008-08-19;-4189
2008-08-20;-4182
2008-08-21;-4182
2008-08-22;-4181
2008-08-23;-4180
2008-08-24;-4179
2008-08-25;-4176
2008-08-26;-4175
2008-08-27;-4172
2008-08-28;-4169
2008-08-29;-4167
2008-08-30;-4166
2008-08-31;-4165
2008-09-01;-4161
2008-09-02;-4157
2008-09-03;-4149
2008-09-04;-4141
2008-09-05;-4138
2008-09-06;-4132
2008-09-07;-4125
2008-09-08;-4111
2008-09-09;-4088
2008-09-10;-4070
2008-09-11;-4062
2008-09-12;-4055
2008-09-13;-4050
2008-09-14;-4047
2008-09-15;-4039
2008-09-16;-4028
2008-09-17;-3997
2008-09-18;-3988
2008-09-19;-3971
2008-09-20;-3960
2008-09-21;-3941
2008-09-22;-3934
2008-09-23;-3926
2008-09-24;-3920
2008-09-25;-3914
2008-09-26;-3909
2008-09-27;-3909
2008-09-28;-3907
2008-09-29;-3905
2008-09-30;-3904
2008-10-01;-3903
2008-10-02;-3903
2008-10-03;-3903
2008-10-04;-3903
2008-10-05;-3902
2008-10-06;-3901
2008-10-07;-3902
2008-10-08;-3903
2008-10-09;-3903
2008-10-10;-3901
2008-10-11;-3901
2008-10-12;-3901
2008-10-13;-3902
2008-10-14;-3902
2008-10-15;-3903
2008-10-16;-3905
2008-10-17;-3905
2008-10-18;-3908
2008-10-19;-3910
2008-10-20;-3909
2008-10-21;-3909
2008-10-22;-3910
2008-10-23;-3912
2008-10-24;-3913
2008-10-25;-3913
2008-10-26;-3908
2008-10-27;-3907
2008-10-28;-3909
2008-10-29;-3909
2008-10-30;-3911
2008-10-31;-3911
2008-11-01;-3912
2008-11-02;-3911
2008-11-03;-3914
2008-11-04;-3916
2008-11-05;-3921
2008-11-06;-3922
2008-11-07;-3923
2008-11-08;-3927
2008-11-09;-3929
2008-11-10;-3932
2008-11-11;-3934
2008-11-12;-3937
2008-11-13;-3940
2008-11-14;-3942
2008-11-15;-3944
2008-11-16;-3946
2008-11-17;-3948
2008-11-18;-3949
2008-11-19;-3951
2008-11-20;-3954
2008-11-21;-3956
2008-11-22;-3957
2008-11-23;-3959
2008-11-24;-3961
2008-11-25;-3964
2008-11-26;-3968
2008-11-27;-3970
2008-11-28;-3973
2008-11-29;-3976
2008-11-30;-3978
2008-12-01;-3979
2008-12-02;-3981
2008-12-03;-3983
2008-12-04;-3984
2008-12-05;-3985
2008-12-06;-3987
2008-12-07;-3991
2008-12-08;-3993
2008-12-09;-3996
2008-12-10;-3998
2008-12-11;-4000
2008-12-12;-4003
2008-12-13;-4006
2008-12-14;-4008
2008-12-15;-4010
2008-12-16;-4013
2008-12-17;-4013
2008-12-18;-4015
2008-12-19;-4017
2008-12-20;-4019
2008-12-21;-4022
2008-12-22;-4023
2008-12-23;-4029
2008-12-24;-4032
2008-12-25;-4034
2008-12-26;-4037
2008-12-27;-4039
2008-12-28;-4041
2008-12-29;-4044
2008-12-30;-4047
2008-12-31;-4049
2009-01-01;-4053
2009-01-02;-4055
2009-01-03;-4057
2009-01-04;-4060
2009-01-05;-4062
2009-01-06;-4064
2009-01-07;-4067
2009-01-08;-4069
2009-01-09;-4073
2009-01-10;-4076
2009-01-11;-4076
2009-01-12;-4077
2009-01-13;-4082
2009-01-14;-4082
2009-01-15;-4087
2009-01-16;-4090
2009-01-17;-4092
2009-01-18;-4093
2009-01-19;-4095
2009-01-20;-4098
2009-01-21;-4100
2009-01-22;-4102
2009-01-23;-4105
2009-01-24;-4106
2009-01-25;-4108
2009-01-26;-4110
2009-01-27;-4114
2009-01-28;-4116
2009-01-29;-4120
2009-01-30;-4124
2009-01-31;-4128
2009-02-01;-4130
2009-02-02;-4132
2009-02-03;-4135
2009-02-04;-4138
2009-02-05;-4141
2009-02-06;-4144
2009-02-07;-4146
2009-02-08;-4148
2009-02-09;-4151
2009-02-10;-4154
2009-02-11;-4156
2009-02-12;-4159
2009-02-13;-4161
2009-02-14;-4163
2009-02-15;-4165
2009-02-16;-4168
2009-02-17;-4171
2009-02-18;-4174
2009-02-19;-4178
2009-02-20;-4183
2009-02-21;-4186
2009-02-22;-4188
2009-02-23;-4190
2009-02-24;-4193
2009-02-25;-4197
2009-02-26;-4200
2009-02-27;-4203
2009-02-28;-4206
2009-03-01;-4209
2009-03-02;-4211
2009-03-03;-4214
2009-03-04;-4218
2009-03-05;-4222
2009-03-06;-4224
2009-03-07;-4227
2009-03-08;-4229
2009-03-09;-4232
2009-03-10;-4236
2009-03-11;-4239
2009-03-12;-4242
2009-03-13;-4245
2009-03-14;-4248
2009-03-15;-4252
2009-03-16;-4255
2009-03-17;-4258
2009-03-18;-4261
2009-03-19;-4265
2009-03-20;-4269
2009-03-21;-4272
2009-03-22;-4276
2009-03-23;-4278
2009-03-24;-4281
2009-03-25;-4284
2009-03-26;-4288
2009-03-27;-4292
2009-03-28;-4295
2009-03-29;-4301
2009-03-30;-4303
2009-03-31;-4306
2009-04-01;-4310
2009-04-02;-4310
2009-04-03;-4312
2009-04-04;-4313
2009-04-05;-4313
2009-04-06;-4314
2009-04-07;-4316
2009-04-08;-4319
2009-04-09;-4323
2009-04-10;-4326
2009-04-11;-4329
2009-04-12;-4332
2009-04-13;-4333
2009-04-14;-4334
2009-04-15;-4336
2009-04-16;-4339
2009-04-17;-4342
2009-04-18;-4346
2009-04-19;-4351
2009-04-20;-4354
2009-04-21;-4359
2009-04-22;-4361
2009-04-23;-4363
2009-04-24;-4365
2009-04-25;-4368
2009-04-26;-4373
2009-04-27;-4376
2009-04-28;-4377
2009-04-29;-4373
2009-04-30;-4356
2009-05-01;-4346
2009-05-02;-4335
2009-05-03;-4323
2009-05-04;-4307
2009-05-05;-4289
2009-05-06;-4277
2009-05-07;-4263
2009-05-08;-4259
2009-05-09;-4258
2009-05-10;-4256
2009-05-11;-4258
2009-05-12;-4256
2009-05-13;-4254
2009-05-14;-4253
2009-05-15;-4251
2009-05-16;-4250
2009-05-17;-4249
2009-05-18;-4247
2009-05-19;-4242
2009-05-20;-4235
2009-05-21;-4231
2009-05-22;-4225
2009-05-23;-4221
2009-05-24;-4219
2009-05-25;-4218
2009-05-26;-4218
2009-05-27;-4217
2009-05-28;-4218
2009-05-29;-4222
2009-05-30;-4221
2009-05-31;-4218
2009-06-01;-4215
2009-06-02;-4210
2009-06-03;-4201
2009-06-04;-4197
2009-06-05;-4197
2009-06-06;-4198
2009-06-07;-4201
2009-06-08;-4202
2009-06-09;-4201
2009-06-10;-4200
2009-06-11;-4203
2009-06-12;-4202
2009-06-13;-4197
2009-06-14;-4193
2009-06-15;-4192
2009-06-16;-4194
2009-06-17;-4196
2009-06-18;-4197
2009-06-19;-4200
2009-06-20;-4203
2009-06-21;-4203
2009-06-22;-4199
2009-06-23;-4194
2009-06-24;-4190
2009-06-25;-4186
2009-06-26;-4182
2009-06-27;-4177
2009-06-28;-4171
2009-06-29;-4171
2009-06-30;-4171
2009-07-01;-4170
2009-07-02;-4170
2009-07-03;-4170
2009-07-04;-4171
2009-07-05;-4173
2009-07-06;-4179
2009-07-07;-4182
2009-07-08;-4183
2009-07-09;-4173
2009-07-10;-4165
2009-07-11;-4161
2009-07-12;-4159
2009-07-13;-4157
2009-07-14;-4156
2009-07-15;-4156
2009-07-16;-4156
2009-07-17;-4156
2009-07-18;-4158
2009-07-19;-4158
2009-07-20;-4158
2009-07-21;-4160
2009-07-22;-4160
2009-07-23;-4160
2009-07-24;-4162
2009-07-25;-4160
2009-07-26;-4160
2009-07-27;-4159
2009-07-28;-4159
2009-07-29;-4159
2009-07-30;-4158
2009-07-31;-4158
2009-08-01;-4158
2009-08-02;-4154
2009-08-03;-4145
2009-08-04;-4128
2009-08-05;-4105
2009-08-06;-4099
2009-08-07;-4086
2009-08-08;-4082
2009-08-09;-4080
2009-08-10;-4078
2009-08-11;-4074
2009-08-12;-4072
2009-08-13;-4066
2009-08-14;-4060
2009-08-15;-4054
2009-08-16;-4048
2009-08-17;-4040
2009-08-18;-4038
2009-08-19;-4035
2009-08-20;-4034
2009-08-21;-4034
2009-08-22;-4032
2009-08-23;-4030
2009-08-24;-4030
2009-08-25;-4028
2009-08-26;-4023
2009-08-27;-4017
2009-08-28;-4010
2009-08-29;-4008
2009-08-30;-4004
2009-08-31;-4002
2009-09-01;-4001
2009-09-02;-4000
2009-09-03;-3999
2009-09-04;-3997
2009-09-05;-3984
2009-09-06;-3975
2009-09-07;-3956
2009-09-08;-3947
2009-09-09;-3930
2009-09-10;-3913
2009-09-11;-3903
2009-09-12;-3895
2009-09-13;-3889
2009-09-14;-3884
2009-09-15;-3881
2009-09-16;-3874
2009-09-17;-3867
2009-09-18;-3859
2009-09-19;-3849
2009-09-20;-3841
2009-09-21;-3834
2009-09-22;-3830
2009-09-23;-3826
2009-09-24;-3821
2009-09-25;-3811
2009-09-26;-3803
2009-09-27;-3796
2009-09-28;-3787
2009-09-29;-3780
2009-09-30;-3776
2009-10-01;-3771
2009-10-02;-3764
2009-10-03;-3757
2009-10-04;-3751
2009-10-05;-3747
2009-10-06;-3741
2009-10-07;-3733
2009-10-08;-3728
2009-10-09;-3725
2009-10-10;-3723
2009-10-11;-3720
2009-10-12;-3717
2009-10-13;-3717
2009-10-14;-3716
2009-10-15;-3716
2009-10-16;-3716
2009-10-17;-3715
2009-10-18;-3714
2009-10-19;-3714
2009-10-20;-3715
2009-10-21;-3715
2009-10-22;-3716
2009-10-23;-3717
2009-10-24;-3717
2009-10-25;-3717
2009-10-26;-3719
2009-10-27;-3720
2009-10-28;-3722
2009-10-29;-3723
2009-10-30;-3725
2009-10-31;-3726
2009-11-01;-3731
2009-11-02;-3735
2009-11-03;-3741
2009-11-04;-3745
2009-11-05;-3747
2009-11-06;-3748
2009-11-07;-3750
2009-11-08;-3753
2009-11-09;-3755
2009-11-10;-3758
2009-11-11;-3761
2009-11-12;-3763
2009-11-13;-3766
2009-11-14;-3768
2009-11-15;-3769
2009-11-16;-3771
2009-11-17;-3773
2009-11-18;-3774
2009-11-19;-3776
2009-11-20;-3777
2009-11-21;-3781
2009-11-22;-3783
2009-11-23;-3786
2009-11-24;-3790
2009-11-25;-3793
2009-11-26;-3795
2009-11-27;-3798
2009-11-28;-3801
2009-11-29;-3804
2009-11-30;-3808
2009-12-01;-3809
2009-12-02;-3811
2009-12-03;-3815
2009-12-04;-3819
2009-12-05;-3822
2009-12-06;-3825
2009-12-07;-3829
2009-12-08;-3832
2009-12-09;-3835
2009-12-10;-3838
2009-12-11;-3841
2009-12-12;-3843
2009-12-13;-3847
2009-12-14;-3849
2009-12-15;-3851
2009-12-16;-3854
2009-12-17;-3859
2009-12-18;-3861
2009-12-19;-3864
2009-12-20;-3867
2009-12-21;-3870
2009-12-22;-3872
2009-12-23;-3875
2009-12-24;-3878
2009-12-25;-3881
2009-12-26;-3884
2009-12-27;-3888
2009-12-28;-3891
2009-12-29;-3895
2009-12-30;-3898
2009-12-31;-3902
2010-01-01;-3904
2010-01-02;-3907
2010-01-03;-3910
2010-01-04;-3913
2010-01-05;-3917
2010-01-06;-3919
2010-01-07;-3923
2010-01-08;-3927
2010-01-09;-3931
2010-01-10;-3935
2010-01-11;-3939
2010-01-12;-3942
2010-01-13;-3945
2010-01-14;-3949
2010-01-15;-3952
2010-01-16;-3955
2010-01-17;-3958
2010-01-18;-3961
2010-01-19;-3965
2010-01-20;-3970
2010-01-21;-3971
2010-01-22;-3974
2010-01-23;-3977
2010-01-24;-3980
2010-01-25;-3983
2010-01-26;-3987
2010-01-27;-3991
2010-01-28;-3994
2010-01-29;-3998
2010-01-30;-4001
2010-01-31;-4005
2010-02-01;-4008
2010-02-02;-4012
2010-02-03;-4015
2010-02-04;-4018
2010-02-05;-4020
2010-02-06;-4024
2010-02-07;-4027
2010-02-08;-4032
2010-02-09;-4036
2010-02-10;-4041
2010-02-11;-4043
2010-02-12;-4048
2010-02-13;-4050
2010-02-14;-4054
2010-02-15;-4060
2010-02-16;-4062
2010-02-17;-4063
2010-02-18;-4066
2010-02-19;-4070
2010-02-20;-4073
2010-02-21;-4077
2010-02-22;-4080
2010-02-23;-4083
2010-02-24;-4086
2010-02-25;-4089
2010-02-26;-4093
2010-02-27;-4096
2010-02-28;-4100
2010-03-01;-4102
2010-03-02;-4107
2010-03-03;-4109
2010-03-04;-4113
2010-03-05;-4117
2010-03-06;-4121
2010-03-07;-4124
2010-03-08;-4127
2010-03-09;-4130
2010-03-10;-4134
2010-03-11;-4138
2010-03-12;-4140
2010-03-13;-4143
2010-03-14;-4147
2010-03-15;-4149
2010-03-16;-4152
2010-03-17;-4155
2010-03-18;-4157
2010-03-19;-4160
2010-03-20;-4162
2010-03-21;-4165
2010-03-22;-4169
2010-03-23;-4172
2010-03-24;-4176
2010-03-25;-4179
2010-03-26;-4183
2010-03-27;-4186
2010-03-28;-4191
2010-03-29;-4193
2010-03-30;-4198
2010-03-31;-4202
2010-04-01;-4207
2010-04-02;-4210
2010-04-03;-4213
2010-04-04;-4216
2010-04-05;-4218
2010-04-06;-4220
2010-04-07;-4224
2010-04-08;-4227
2010-04-09;-4230
2010-04-10;-4232
2010-04-11;-4235
2010-04-12;-4238
2010-04-13;-4240
2010-04-14;-4242
2010-04-15;-4244
2010-04-16;-4247
2010-04-17;-4250
2010-04-18;-4253
2010-04-19;-4255
2010-04-20;-4260
2010-04-21;-4263
2010-04-22;-4267
2010-04-23;-4270
2010-04-24;-4273
2010-04-25;-4277
2010-04-26;-4280
2010-04-27;-4283
2010-04-28;-4285
2010-04-29;-4288
2010-04-30;-4278
2010-05-01;-4272
2010-05-02;-4262
2010-05-03;-4253
2010-05-04;-4239
2010-05-05;-4226
2010-05-06;-4218
2010-05-07;-4210
2010-05-08;-4206
2010-05-09;-4202
2010-05-10;-4199
2010-05-11;-4196
2010-05-12;-4193
2010-05-13;-4192
2010-05-14;-4191
2010-05-15;-4190
2010-05-16;-4188
2010-05-17;-4183
2010-05-18;-4179
2010-05-19;-4172
2010-05-20;-4164
2010-05-21;-4142
2010-05-22;-4120
2010-05-23;-4100
2010-05-24;-4087
2010-05-25;-4078
2010-05-26;-4075
2010-05-27;-4073
2010-05-28;-4073
2010-05-29;-4074
2010-05-30;-4078
2010-05-31;-4082
2010-06-01;-4084
2010-06-02;-4081
2010-06-03;-4081
2010-06-04;-4080
2010-06-05;-4076
2010-06-06;-4072
2010-06-07;-4066
2010-06-08;-4063
2010-06-09;-4066
2010-06-10;-4068
2010-06-11;-4071
2010-06-12;-4076
2010-06-13;-4082
2010-06-14;-4085
2010-06-15;-4086
2010-06-16;-4085
2010-06-17;-4082
2010-06-18;-4077
2010-06-19;-4073
2010-06-20;-4074
2010-06-21;-4073
2010-06-22;-4067
2010-06-23;-4068
2010-06-24;-4069
2010-06-25;-4070
2010-06-26;-4073
2010-06-27;-4077
2010-06-28;-4078
2010-06-29;-4081
2010-06-30;-4083
2010-07-01;-4083
2010-07-02;-4084
2010-07-03;-4080
2010-07-04;-4075
2010-07-05;-4070
2010-07-06;-4069
2010-07-07;-4069
2010-07-08;-4071
2010-07-09;-4073
2010-07-10;-4077
2010-07-11;-4081
2010-07-12;-4084
2010-07-13;-4087
2010-07-14;-4091
2010-07-15;-4096
2010-07-16;-4102
2010-07-17;-4102
2010-07-18;-4088
2010-07-19;-4067
2010-07-20;-4049
2010-07-21;-4039
2010-07-22;-4034
2010-07-23;-4030
2010-07-24;-4029
2010-07-25;-4026
2010-07-26;-4020
2010-07-27;-4013
2010-07-28;-3999
2010-07-29;-3993
2010-07-30;-3978
2010-07-31;-3968
2010-08-01;-3966
2010-08-02;-3960
2010-08-03;-3955
2010-08-04;-3951
2010-08-05;-3947
2010-08-06;-3947
2010-08-07;-3946
2010-08-08;-3946
2010-08-09;-3947
2010-08-10;-3948
2010-08-11;-3948
2010-08-12;-3948
2010-08-13;-3948
2010-08-14;-3948
2010-08-15;-3948
2010-08-16;-3951
2010-08-17;-3953
2010-08-18;-3954
2010-08-19;-3957
2010-08-20;-3959
2010-08-21;-3959
2010-08-22;-3954
2010-08-23;-3951
2010-08-24;-3949
2010-08-25;-3950
2010-08-26;-3951
2010-08-27;-3952
2010-08-28;-3955
2010-08-29;-3958
2010-08-30;-3959
2010-08-31;-3963
2010-09-01;-3965
2010-09-02;-3966
2010-09-03;-3966
2010-09-04;-3966
2010-09-05;-3967
2010-09-06;-3968
2010-09-07;-3971
2010-09-08;-3971
2010-09-09;-3969
2010-09-10;-3968
2010-09-11;-3968
2010-09-12;-3967
2010-09-13;-3966
2010-09-14;-3965
2010-09-15;-3964
2010-09-16;-3963
2010-09-17;-3962
2010-09-18;-3958
2010-09-19;-3955
2010-09-20;-3947
2010-09-21;-3944
2010-09-22;-3941
2010-09-23;-3939
2010-09-24;-3938
2010-09-25;-3940
2010-09-26;-3940
2010-09-27;-3940
2010-09-28;-3940
2010-09-29;-3939
2010-09-30;-3938
2010-10-01;-3937
2010-10-02;-3936
2010-10-03;-3937
2010-10-04;-3938
2010-10-05;-3939
2010-10-06;-3939
2010-10-07;-3939
2010-10-08;-3939
2010-10-09;-3939
2010-10-10;-3939
2010-10-11;-3939
2010-10-12;-3942
2010-10-13;-3942
2010-10-14;-3941
2010-10-15;-3940
2010-10-16;-3941
2010-10-17;-3940
2010-10-18;-3941
2010-10-19;-3941
2010-10-20;-3942
2010-10-21;-3944
2010-10-22;-3946
2010-10-23;-3948
2010-10-24;-3949
2010-10-25;-3950
2010-10-26;-3952
2010-10-27;-3953
2010-10-28;-3954
2010-10-29;-3958
2010-10-30;-3960
2010-10-31;-3962
2010-11-01;-3964
2010-11-02;-3968
2010-11-03;-3971
2010-11-04;-3973
2010-11-05;-3975
2010-11-06;-3978
2010-11-07;-3981
2010-11-08;-3983
2010-11-09;-3985
2010-11-10;-3988
2010-11-11;-3990
2010-11-12;-3992
2010-11-13;-3995
2010-11-14;-3997
2010-11-15;-4000
2010-11-16;-4003
2010-11-17;-4007
2010-11-18;-4010
2010-11-19;-4016
2010-11-20;-4018
2010-11-21;-4020
2010-11-22;-4023
2010-11-23;-4025
2010-11-24;-4028
2010-11-25;-4029
2010-11-26;-4033
2010-11-27;-4036
2010-11-28;-4038
2010-11-29;-4040
2010-11-30;-4044
2010-12-01;-4046
2010-12-02;-4047
2010-12-03;-4050
2010-12-04;-4053
2010-12-05;-4055
2010-12-06;-4058
2010-12-07;-4059
2010-12-08;-4062
2010-12-09;-4066
2010-12-10;-4069
2010-12-11;-4071
2010-12-12;-4074
2010-12-13;-4077
2010-12-14;-4079
2010-12-15;-4082
2010-12-16;-4085
2010-12-17;-4088
2010-12-18;-4091
2010-12-19;-4094
2010-12-20;-4096
2010-12-21;-4098
2010-12-22;-4100
2010-12-23;-4102
2010-12-24;-4105
2010-12-25;-4108
2010-12-26;-4112
2010-12-27;-4115
2010-12-28;-4118
2010-12-29;-4121
2010-12-30;-4125
2010-12-31;-4129
2011-01-01;-4130
2011-01-02;-4131
2011-01-03;-4135
2011-01-04;-4139
2011-01-05;-4142
2011-01-06;-4145
2011-01-07;-4149
2011-01-08;-4151
2011-01-09;-4154
2011-01-10;-4157
2011-01-11;-4160
2011-01-12;-4163
2011-01-13;-4167
2011-01-14;-4171
2011-01-15;-4173
2011-01-16;-4176
2011-01-17;-4179
2011-01-18;-4182
2011-01-19;-4186
2011-01-20;-4190
2011-01-21;-4193
2011-01-22;-4197
2011-01-23;-4200
2011-01-24;-4204
2011-01-25;-4208
2011-01-26;-4211
2011-01-27;-4214
2011-01-28;-4217
2011-01-29;-4218
2011-01-30;-4221
2011-01-31;-4226
2011-02-01;-4229
2011-02-02;-4233
2011-02-03;-4236
2011-02-04;-4239
2011-02-05;-4241
2011-02-06;-4244
2011-02-07;-4247
2011-02-08;-4250
2011-02-09;-4254
2011-02-10;-4257
2011-02-11;-4261
2011-02-12;-4263
2011-02-13;-4267
2011-02-14;-4271
2011-02-15;-4274
2011-02-16;-4277
2011-02-17;-4281
2011-02-18;-4285
2011-02-19;-4289
2011-02-20;-4293
2011-02-21;-4297
2011-02-22;-4299
2011-02-23;-4301
2011-02-24;-4305
2011-02-25;-4308
2011-02-26;-4312
2011-02-27;-4315
2011-02-28;-4320
2011-03-01;-4323
2011-03-02;-4326
2011-03-03;-4329
2011-03-04;-4332
2011-03-05;-4336
2011-03-06;-4338
2011-03-07;-4343
2011-03-08;-4344
2011-03-09;-4348
2011-03-10;-4352
2011-03-11;-4355
2011-03-12;-4358
2011-03-13;-4362
2011-03-14;-4365
2011-03-15;-4368
2011-03-16;-4371
2011-03-17;-4374
2011-03-18;-4378
2011-03-19;-4381
2011-03-20;-4383
2011-03-21;-4386
2011-03-22;-4388
2011-03-23;-4392
2011-03-24;-4395
2011-03-25;-4398
2011-03-26;-4401
2011-03-27;-4404
2011-03-28;-4407
2011-03-29;-4411
2011-03-30;-4414
2011-03-31;-4419
2011-04-01;-4420
2011-04-02;-4422
2011-04-03;-4425
2011-04-04;-4429
2011-04-05;-4432
2011-04-06;-4436
2011-04-07;-4439
2011-04-08;-4441
2011-04-09;-4444
2011-04-10;-4447
2011-04-11;-4450
2011-04-12;-4455
2011-04-13;-4460
2011-04-14;-4465
2011-04-15;-4468
2011-04-16;-4471
2011-04-17;-4474
2011-04-18;-4477
2011-04-19;-4481
2011-04-20;-4484
2011-04-21;-4487
2011-04-22;-4490
2011-04-23;-4494
2011-04-24;-4497
2011-04-25;-4500
2011-04-26;-4502
2011-04-27;-4503
2011-04-28;-4505
2011-04-29;-4504
2011-04-30;-4493
2011-05-01;-4490
2011-05-02;-4484
2011-05-03;-4478
2011-05-04;-4471
2011-05-05;-4460
2011-05-06;-4455
2011-05-07;-4451
2011-05-08;-4449
2011-05-09;-4448
2011-05-10;-4447
2011-05-11;-4447
2011-05-12;-4446
2011-05-13;-4446
2011-05-14;-4447
2011-05-15;-4448
2011-05-16;-4449
2011-05-17;-4450
2011-05-18;-4452
2011-05-19;-4454
2011-05-20;-4455
2011-05-21;-4457
2011-05-22;-4457
2011-05-23;-4458
2011-05-24;-4458
2011-05-25;-4455
2011-05-26;-4454
2011-05-27;-4452
2011-05-28;-4453
2011-05-29;-4456
2011-05-30;-4457
2011-05-31;-4450
2011-06-01;-4441
2011-06-02;-4429
2011-06-03;-4418
2011-06-04;-4406
2011-06-05;-4400
2011-06-06;-4400
2011-06-07;-4398
2011-06-08;-4395
2011-06-09;-4393
2011-06-10;-4393
2011-06-11;-4392
2011-06-12;-4391
2011-06-13;-4391
2011-06-14;-4393
2011-06-15;-4395
2011-06-16;-4395
2011-06-17;-4395
2011-06-18;-4397
2011-06-19;-4397
2011-06-20;-4400
2011-06-21;-4402
2011-06-22;-4401
2011-06-23;-4400
2011-06-24;-4400
2011-06-25;-4398
2011-06-26;-4397
2011-06-27;-4395
2011-06-28;-4396
2011-06-29;-4397
2011-06-30;-4398
2011-07-01;-4395
2011-07-02;-4393
2011-07-03;-4384
2011-07-04;-4378
2011-07-05;-4377
2011-07-06;-4374
2011-07-07;-4374
2011-07-08;-4374
2011-07-09;-4374
2011-07-10;-4374
2011-07-11;-4375
2011-07-12;-4375
2011-07-13;-4378
2011-07-14;-4377
2011-07-15;-4376
2011-07-16;-4378
2011-07-17;-4380
2011-07-18;-4382
2011-07-19;-4383
2011-07-20;-4385
2011-07-21;-4387
2011-07-22;-4389
2011-07-23;-4390
2011-07-24;-4392
2011-07-25;-4394
2011-07-26;-4390
2011-07-27;-4378
2011-07-28;-4368
2011-07-29;-4360
2011-07-30;-4355
2011-07-31;-4351
2011-08-01;-4348
2011-08-02;-4344
2011-08-03;-4339
2011-08-04;-4333
2011-08-05;-4328
2011-08-06;-4320
2011-08-07;-4312
2011-08-08;-4306
2011-08-09;-4296
2011-08-10;-4286
2011-08-11;-4282
2011-08-12;-4277
2011-08-13;-4273
2011-08-14;-4266
2011-08-15;-4263
2011-08-16;-4261
2011-08-17;-4260
2011-08-18;-4259
2011-08-19;-4257
2011-08-20;-4255
2011-08-21;-4254
2011-08-22;-4253
2011-08-23;-4252
2011-08-24;-4252
2011-08-25;-4249
2011-08-26;-4249
2011-08-27;-4249
2011-08-28;-4249
2011-08-29;-4249
2011-08-30;-4250
2011-08-31;-4252
2011-09-01;-4249
2011-09-02;-4251
2011-09-03;-4249
2011-09-04;-4248
2011-09-05;-4247
2011-09-06;-4248
2011-09-07;-4249
2011-09-08;-4249
2011-09-09;-4249
2011-09-10;-4248
2011-09-11;-4245
2011-09-12;-4246
2011-09-13;-4247
2011-09-14;-4246
2011-09-15;-4244
2011-09-16;-4240
2011-09-17;-4235
2011-09-18;-4230
2011-09-19;-4226
2011-09-20;-4224
2011-09-21;-4224
2011-09-22;-4224
2011-09-23;-4224
2011-09-24;-4222
2011-09-25;-4222
2011-09-26;-4220
2011-09-27;-4220
2011-09-28;-4220
2011-09-29;-4219
2011-09-30;-4219
2011-10-01;-4217
2011-10-02;-4216
2011-10-03;-4218
2011-10-04;-4217
2011-10-05;-4216
2011-10-06;-4217
2011-10-07;-4219
2011-10-08;-4219
2011-10-09;-4221
2011-10-10;-4221
2011-10-11;-4222
2011-10-12;-4222
2011-10-13;-4224
2011-10-14;-4226
2011-10-15;-4226
2011-10-16;-4227
2011-10-17;-4229
2011-10-18;-4229
2011-10-19;-4233
2011-10-20;-4236
2011-10-21;-4237
2011-10-22;-4239
2011-10-23;-4239
2011-10-24;-4242
2011-10-25;-4244
2011-10-26;-4244
2011-10-27;-4246
2011-10-28;-4249
2011-10-29;-4252
2011-10-30;-4253
2011-10-31;-4253
2011-11-01;-4254
2011-11-02;-4255
2011-11-03;-4257
2011-11-04;-4262
2011-11-05;-4269
2011-11-06;-4271
2011-11-07;-4272
2011-11-08;-4275
2011-11-09;-4277
2011-11-10;-4278
2011-11-11;-4278
2011-11-12;-4281
2011-11-13;-4285
2011-11-14;-4287
2011-11-15;-4290
2011-11-16;-4293
2011-11-17;-4298
2011-11-18;-4299
2011-11-19;-4301
2011-11-20;-4303
2011-11-21;-4305
2011-11-22;-4307
2011-11-23;-4309
2011-11-24;-4311
2011-11-25;-4315
2011-11-26;-4318
2011-11-27;-4321
2011-11-28;-4323
2011-11-29;-4326
2011-11-30;-4327
2011-12-01;-4328
2011-12-02;-4331
2011-12-03;-4333
2011-12-04;-4335
2011-12-05;-4338
2011-12-06;-4341
2011-12-07;-4344
2011-12-08;-4347
2011-12-09;-4348
2011-12-10;-4352
2011-12-11;-4353
2011-12-12;-4354
2011-12-13;-4355
2011-12-14;-4358
2011-12-15;-4361
2011-12-16;-4365
2011-12-17;-4368
2011-12-18;-4371
2011-12-19;-4374
2011-12-20;-4376
2011-12-21;-4378
2011-12-22;-4381
2011-12-23;-4384
2011-12-24;-4386
2011-12-25;-4388
2011-12-26;-4391
2011-12-27;-4395
2011-12-28;-4397
2011-12-29;-4400
2011-12-30;-4404
2011-12-31;-4406
2012-01-01;-4407
2012-01-02;-4410
2012-01-03;-4413
2012-01-04;-4416
2012-01-05;-4419
2012-01-06;-4421
2012-01-07;-4424
2012-01-08;-4428
2012-01-09;-4431
2012-01-10;-4434
2012-01-11;-4437
2012-01-12;-4440
2012-01-13;-4442
2012-01-14;-4445
2012-01-15;-4448
2012-01-16;-4450
2012-01-17;-4453
2012-01-18;-4456
2012-01-19;-4459
2012-01-20;-4462
2012-01-21;-4465
2012-01-22;-4468
2012-01-23;-4470
2012-01-24;-4472
2012-01-25;-4475
2012-01-26;-4478
2012-01-27;-4480
2012-01-28;-4483
2012-01-29;-4486
2012-01-30;-4488
2012-01-31;-4491
2012-02-01;-4493
2012-02-02;-4496
2012-02-03;-4499
2012-02-04;-4502
2012-02-05;-4504
2012-02-06;-4506
2012-02-07;-4508
2012-02-08;-4511
2012-02-09;-4513
2012-02-10;-4517
2012-02-11;-4519
2012-02-12;-4522
2012-02-13;-4524
2012-02-14;-4527
2012-02-15;-4529
2012-02-16;-4532
2012-02-17;-4535
2012-02-18;-4537
2012-02-19;-4540
2012-02-20;-4543
2012-02-21;-4545
2012-02-22;-4548
2012-02-23;-4549
2012-02-24;-4552
2012-02-25;-4554
2012-02-26;-4557
2012-02-27;-4560
2012-02-28;-4563
2012-02-29;-4566
2012-03-01;-4568
2012-03-02;-4570
2012-03-03;-4572
2012-03-04;-4574
2012-03-05;-4577
2012-03-06;-4580
2012-03-07;-4583
2012-03-08;-4587
2012-03-09;-4589
2012-03-10;-4591
2012-03-11;-4593
2012-03-12;-4595
2012-03-13;-4597
2012-03-14;-4600
2012-03-15;-4604
2012-03-16;-4607
2012-03-17;-4611
2012-03-18;-4613
2012-03-19;-4617
2012-03-20;-4620
2012-03-21;-4624
2012-03-22;-4627
2012-03-23;-4629
2012-03-24;-4630
2012-03-25;-4631
2012-03-26;-4633
2012-03-27;-4636
2012-03-28;-4639
2012-03-29;-4641
2012-03-30;-4643
2012-03-31;-4645
2012-04-01;-4648
2012-04-02;-4651
2012-04-03;-4654
2012-04-04;-4657
2012-04-05;-4660
2012-04-06;-4663
2012-04-07;-4666
2012-04-08;-4669
2012-04-09;-4672
2012-04-10;-4675
2012-04-11;-4678
2012-04-12;-4679
2012-04-13;-4680
2012-04-14;-4683
2012-04-15;-4686
2012-04-16;-4689
2012-04-17;-4691
2012-04-18;-4694
2012-04-19;-4698
2012-04-20;-4701
2012-04-21;-4703
2012-04-22;-4705
2012-04-23;-4706
2012-04-24;-4707
2012-04-25;-4698
2012-04-26;-4688
2012-04-27;-4683
2012-04-28;-4676
2012-04-29;-4668
2012-04-30;-4656
2012-05-01;-4648
2012-05-02;-4639
2012-05-03;-4633
2012-05-04;-4617
2012-05-05;-4607
2012-05-06;-4594
2012-05-07;-4585
2012-05-08;-4578
2012-05-09;-4573
2012-05-10;-4567
2012-05-11;-4562
2012-05-12;-4556
2012-05-13;-4555
2012-05-14;-4550
2012-05-15;-4545
2012-05-16;-4541
2012-05-17;-4537
2012-05-18;-4535
2012-05-19;-4532
2012-05-20;-4529
2012-05-21;-4524
2012-05-22;-4520
2012-05-23;-4516
2012-05-24;-4500
2012-05-25;-4486
2012-05-26;-4472
2012-05-27;-4468
2012-05-28;-4461
2012-05-29;-4458
2012-05-30;-4454
2012-05-31;-4451
2012-06-01;-4449
2012-06-02;-4447
2012-06-03;-4446
2012-06-04;-4446
2012-06-05;-4445
2012-06-06;-4448
2012-06-07;-4450
2012-06-08;-4451
2012-06-09;-4453
2012-06-10;-4453
2012-06-11;-4452
2012-06-12;-4449
2012-06-13;-4445
2012-06-14;-4442
2012-06-15;-4442
2012-06-16;-4441
2012-06-17;-4443
2012-06-18;-4445
2012-06-19;-4448
2012-06-20;-4451
2012-06-21;-4454
2012-06-22;-4455
2012-06-23;-4455
2012-06-24;-4455
2012-06-25;-4448
2012-06-26;-4444
2012-06-27;-4436
2012-06-28;-4430
2012-06-29;-4418
2012-06-30;-4414
2012-07-01;-4403
2012-07-02;-4389
2012-07-03;-4368
2012-07-04;-4349
2012-07-05;-4333
2012-07-06;-4326
2012-07-07;-4320
2012-07-08;-4318
2012-07-09;-4315
2012-07-10;-4314
2012-07-11;-4312
2012-07-12;-4312
2012-07-13;-4312
2012-07-14;-4312
2012-07-15;-4313
2012-07-16;-4314
2012-07-17;-4314
2012-07-18;-4314
2012-07-19;-4315
2012-07-20;-4313
2012-07-21;-4305
2012-07-22;-4299
2012-07-23;-4294
2012-07-24;-4289
2012-07-25;-4276
2012-07-26;-4256
2012-07-27;-4240
2012-07-28;-4228
2012-07-29;-4221
2012-07-30;-4216
2012-07-31;-4216
2012-08-01;-4214
2012-08-02;-4214
2012-08-03;-4214
2012-08-04;-4216
2012-08-05;-4215
2012-08-06;-4215
2012-08-07;-4217
2012-08-08;-4218
2012-08-09;-4215
2012-08-10;-4215
2012-08-11;-4191
2012-08-12;-4168
2012-08-13;-4155
2012-08-14;-4147
2012-08-15;-4140
2012-08-16;-4136
2012-08-17;-4134
2012-08-18;-4129
2012-08-19;-4113
2012-08-20;-4080
2012-08-21;-4059
2012-08-22;-4041
2012-08-23;-4013
2012-08-24;-3991
2012-08-25;-3976
2012-08-26;-3962
2012-08-27;-3946
2012-08-28;-3933
2012-08-29;-3924
2012-08-30;-3898
2012-08-31;-3876
2012-09-01;-3859
2012-09-02;-3842
2012-09-03;-3826
2012-09-04;-3808
2012-09-05;-3790
2012-09-06;-3778
2012-09-07;-3765
2012-09-08;-3753
2012-09-09;-3744
2012-09-10;-3733
2012-09-11;-3723
2012-09-12;-3714
2012-09-13;-3704
2012-09-14;-3698
2012-09-15;-3692
2012-09-16;-3688
2012-09-17;-3684
2012-09-18;-3680
2012-09-19;-3680
2012-09-20;-3678
2012-09-21;-3676
2012-09-22;-3673
2012-09-23;-3671
2012-09-24;-3669
2012-09-25;-3668
2012-09-26;-3668
2012-09-27;-3667
2012-09-28;-3665
2012-09-29;-3662
2012-09-30;-3661
2012-10-01;-3659
2012-10-02;-3658
2012-10-03;-3658
2012-10-04;-3657
2012-10-05;-3657
2012-10-06;-3657
2012-10-07;-3657
2012-10-08;-3657
2012-10-09;-3657
2012-10-10;-3657
2012-10-11;-3655
2012-10-12;-3653
2012-10-13;-3650
2012-10-14;-3648
2012-10-15;-3647
2012-10-16;-3645
2012-10-17;-3645
2012-10-18;-3647
2012-10-19;-3648
2012-10-20;-3649
2012-10-21;-3649
2012-10-22;-3650
2012-10-23;-3653
2012-10-24;-3655
2012-10-25;-3656
2012-10-26;-3659
2012-10-27;-3660
2012-10-28;-3662
2012-10-29;-3664
2012-10-30;-3666
2012-10-31;-3669
2012-11-01;-3669
2012-11-02;-3670
2012-11-03;-3672
2012-11-04;-3675
2012-11-05;-3678
2012-11-06;-3682
2012-11-07;-3683
2012-11-08;-3683
2012-11-09;-3684
2012-11-10;-3684
2012-11-11;-3686
2012-11-12;-3688
2012-11-13;-3690
2012-11-14;-3692
2012-11-15;-3694
2012-11-16;-3697
2012-11-17;-3700
2012-11-18;-3702
2012-11-19;-3705
2012-11-20;-3707
2012-11-21;-3709
2012-11-22;-3711
2012-11-23;-3715
2012-11-24;-3718
2012-11-25;-3722
2012-11-26;-3725
2012-11-27;-3728
2012-11-28;-3731
2012-11-29;-3735
2012-11-30;-3738
2012-12-01;-3740
2012-12-02;-3743
2012-12-03;-3747
2012-12-04;-3751
2012-12-05;-3754
2012-12-06;-3758
2012-12-07;-3761
2012-12-08;-3764
2012-12-09;-3767
2012-12-10;-3772
2012-12-11;-3775
2012-12-12;-3779
2012-12-13;-3783
2012-12-14;-3787
2012-12-15;-3791
2012-12-16;-3796
2012-12-17;-3801
2012-12-18;-3805
2012-12-19;-3810
2012-12-20;-3814
2012-12-21;-3817
2012-12-22;-3821
2012-12-23;-3827
2012-12-24;-3831
2012-12-25;-3834
2012-12-26;-3840
2012-12-27;-3844
2012-12-28;-3849
2012-12-29;-3854
2012-12-30;-3858
2012-12-31;-3862
2013-01-01;-3865
2013-01-02;-3870
2013-01-03;-3876
2013-01-04;-3881
2013-01-05;-3885
2013-01-06;-3889
2013-01-07;-3895
2013-01-08;-3899
2013-01-09;-3904
2013-01-10;-3909
2013-01-11;-3915
2013-01-12;-3920
2013-01-13;-3925
2013-01-14;-3930
2013-01-15;-3934
2013-01-16;-3938
2013-01-17;-3943
2013-01-18;-3947
2013-01-19;-3953
2013-01-20;-3958
2013-01-21;-3963
2013-01-22;-3967
2013-01-23;-3972
2013-01-24;-3977
2013-01-25;-3982
2013-01-26;-3987
2013-01-27;-3992
2013-01-28;-3998
2013-01-29;-4002
2013-01-30;-4006
2013-01-31;-4011
2013-02-01;-4015
2013-02-02;-4020
2013-02-03;-4025
2013-02-04;-4030
2013-02-05;-4035
2013-02-06;-4040
2013-02-07;-4045
2013-02-08;-4050
2013-02-09;-4055
2013-02-10;-4060
2013-02-11;-4065
2013-02-12;-4070
2013-02-13;-4076
2013-02-14;-4081
2013-02-15;-4086
2013-02-16;-4091
2013-02-17;-4095
2013-02-18;-4100
2013-02-19;-4104
2013-02-20;-4109
2013-02-21;-4114
2013-02-22;-4118
2013-02-23;-4123
2013-02-24;-4128
2013-02-25;-4133
2013-02-26;-4137
2013-02-27;-4140
2013-02-28;-4144
2013-03-01;-4147
2013-03-02;-4153
2013-03-03;-4156
2013-03-04;-4160
2013-03-05;-4165
2013-03-06;-4172
2013-03-07;-4176
2013-03-08;-4180
2013-03-09;-4182
2013-03-10;-4187
2013-03-11;-4192
2013-03-12;-4198
2013-03-13;-4201
2013-03-14;-4205
2013-03-15;-4209
2013-03-16;-4212
2013-03-17;-4215
2013-03-18;-4220
2013-03-19;-4225
2013-03-20;-4230
2013-03-21;-4234
2013-03-22;-4238
2013-03-23;-4242
2013-03-24;-4246
2013-03-25;-4249
2013-03-26;-4253
2013-03-27;-4258
2013-03-28;-4262
2013-03-29;-4266
2013-03-30;-4271
2013-03-31;-4276
2013-04-01;-4280
2013-04-02;-4285
2013-04-03;-4289
2013-04-04;-4294
2013-04-05;-4299
2013-04-06;-4304
2013-04-07;-4308
2013-04-08;-4313
2013-04-09;-4317
2013-04-10;-4321
2013-04-11;-4326
2013-04-12;-4330
2013-04-13;-4334
2013-04-14;-4336
2013-04-15;-4342
2013-04-16;-4347
2013-04-17;-4352
2013-04-18;-4355
2013-04-19;-4360
2013-04-20;-4364
2013-04-21;-4367
2013-04-22;-4370
2013-04-23;-4372
2013-04-24;-4373
2013-04-25;-4373
2013-04-26;-4374
2013-04-27;-4376
2013-04-28;-4377
2013-04-29;-4378
2013-04-30;-4378
2013-05-01;-4376
2013-05-02;-4372
2013-05-03;-4363
2013-05-04;-4352
2013-05-05;-4342
2013-05-06;-4336
2013-05-07;-4328
2013-05-08;-4322
2013-05-09;-4318
2013-05-10;-4312
2013-05-11;-4306
2013-05-12;-4296
2013-05-13;-4283
2013-05-14;-4268
2013-05-15;-4259
2013-05-16;-4253
2013-05-17;-4247
2013-05-18;-4244
2013-05-19;-4238
2013-05-20;-4230
2013-05-21;-4222
2013-05-22;-4213
2013-05-23;-4207
2013-05-24;-4201
2013-05-25;-4196
2013-05-26;-4183
2013-05-27;-4176
2013-05-28;-4172
2013-05-29;-4169
2013-05-30;-4163
2013-05-31;-4152
2013-06-01;-4146
2013-06-02;-4138
2013-06-03;-4128
2013-06-04;-4121
2013-06-05;-4114
2013-06-06;-4110
2013-06-07;-4106
2013-06-08;-4100
2013-06-09;-4089
2013-06-10;-4078
2013-06-11;-4072
2013-06-12;-4068
2013-06-13;-4065
2013-06-14;-4062
2013-06-15;-4049
2013-06-16;-4037
2013-06-17;-4028
2013-06-18;-4022
2013-06-19;-4015
2013-06-20;-4012
2013-06-21;-4010
2013-06-22;-4011
2013-06-23;-4011
2013-06-24;-4013
2013-06-25;-4017
2013-06-26;-4017
2013-06-27;-4018
2013-06-28;-4020
2013-06-29;-4020
2013-06-30;-4022
2013-07-01;-4024
2013-07-02;-4027
2013-07-03;-4028
2013-07-04;-4029
2013-07-05;-4030
2013-07-06;-4028
2013-07-07;-4012
2013-07-08;-3998
2013-07-09;-3992
2013-07-10;-3977
2013-07-11;-3966
2013-07-12;-3956
2013-07-13;-3950
2013-07-14;-3944
2013-07-15;-3940
2013-07-16;-3938
2013-07-17;-3936
2013-07-18;-3929
2013-07-19;-3920
2013-07-20;-3903
2013-07-21;-3880
2013-07-22;-3865
2013-07-23;-3843
2013-07-24;-3828
2013-07-25;-3813
2013-07-26;-3801
2013-07-27;-3791
2013-07-28;-3780
2013-07-29;-3761
2013-07-30;-3729
2013-07-31;-3693
2013-08-01;-3658
2013-08-02;-3630
2013-08-03;-3609
2013-08-04;-3593
2013-08-05;-3578
2013-08-06;-3560
2013-08-07;-3543
2013-08-08;-3530
2013-08-09;-3522
2013-08-10;-3517
2013-08-11;-3512
2013-08-12;-3511
2013-08-13;-3510
2013-08-14;-3510
2013-08-15;-3502
2013-08-16;-3490
2013-08-17;-3477
2013-08-18;-3465
2013-08-19;-3458
2013-08-20;-3455
2013-08-21;-3460
2013-08-22;-3467
2013-08-23;-3473
2013-08-24;-3480
2013-08-25;-3487
2013-08-26;-3492
2013-08-27;-3495
2013-08-28;-3500
2013-08-29;-3506
2013-08-30;-3513
2013-08-31;-3520
2013-09-01;-3525
2013-09-02;-3533
2013-09-03;-3541
2013-09-04;-3550
2013-09-05;-3559
2013-09-06;-3572
2013-09-07;-3583
2013-09-08;-3590
2013-09-09;-3600
2013-09-10;-3613
2013-09-11;-3620
2013-09-12;-3630
2013-09-13;-3634
2013-09-14;-3643
2013-09-15;-3649
2013-09-16;-3653
2013-09-17;-3654
2013-09-18;-3658
2013-09-19;-3662
2013-09-20;-3664
2013-09-21;-3665
2013-09-22;-3663
2013-09-23;-3662
2013-09-24;-3661
2013-09-25;-3649
2013-09-26;-3641
2013-09-27;-3637
2013-09-28;-3633
2013-09-29;-3630
2013-09-30;-3629
2013-10-01;-3630
2013-10-02;-3631
2013-10-03;-3634
2013-10-04;-3636
2013-10-05;-3642
2013-10-06;-3647
2013-10-07;-3649
2013-10-08;-3652
2013-10-09;-3653
2013-10-10;-3656
2013-10-11;-3658
2013-10-12;-3660
2013-10-13;-3665
2013-10-14;-3667
2013-10-15;-3667
2013-10-16;-3670
2013-10-17;-3672
2013-10-18;-3673
2013-10-19;-3673
2013-10-20;-3673
2013-10-21;-3674
2013-10-22;-3672
2013-10-23;-3672
2013-10-24;-3672
2013-10-25;-3673
2013-10-26;-3676
2013-10-27;-3678
2013-10-28;-3679
2013-10-29;-3682
2013-10-30;-3686
2013-10-31;-3688
2013-11-01;-3691
2013-11-02;-3692
2013-11-03;-3693
2013-11-04;-3696
2013-11-05;-3699
2013-11-06;-3701
2013-11-07;-3703
2013-11-08;-3706
2013-11-09;-3708
2013-11-10;-3709
2013-11-11;-3711
2013-11-12;-3713
2013-11-13;-3716
2013-11-14;-3717
2013-11-15;-3718
2013-11-16;-3719
2013-11-17;-3721
2013-11-18;-3722
2013-11-19;-3722
2013-11-20;-3729
2013-11-21;-3731
2013-11-22;-3733
2013-11-23;-3735
2013-11-24;-3736
2013-11-25;-3741
2013-11-26;-3742
2013-11-27;-3743
2013-11-28;-3746
2013-11-29;-3751
2013-11-30;-3753
2013-12-01;-3756
2013-12-02;-3759
2013-12-03;-3762
2013-12-04;-3765
2013-12-05;-3768
2013-12-06;-3770
2013-12-07;-3774
2013-12-08;-3777
2013-12-09;-3781
2013-12-10;-3786
2013-12-11;-3790
2013-12-12;-3793
2013-12-13;-3800
2013-12-14;-3803
2013-12-15;-3808
2013-12-16;-3812
2013-12-17;-3815
2013-12-18;-3820
2013-12-19;-3825
2013-12-20;-3831
2013-12-21;-3835
2013-12-22;-3839
2013-12-23;-3843
2013-12-24;-3847
2013-12-25;-3852
2013-12-26;-3858
2013-12-27;-3862
2013-12-28;-3868
2013-12-29;-3872
2013-12-30;-3877
2013-12-31;-3882
2014-01-01;-3885
2014-01-02;-3890
2014-01-03;-3894
2014-01-04;-3899
2014-01-05;-3905
2014-01-06;-3910
2014-01-07;-3913
2014-01-08;-3918
2014-01-09;-3922
2014-01-10;-3927
2014-01-11;-3933
2014-01-12;-3937
2014-01-13;-3943
2014-01-14;-3949
2014-01-15;-3953
2014-01-16;-3958
2014-01-17;-3963
2014-01-18;-3968
2014-01-19;-3973
2014-01-20;-3979
2014-01-21;-3984
2014-01-22;-3989
2014-01-23;-3995
2014-01-24;-4000
2014-01-25;-4006
2014-01-26;-4011
2014-01-27;-4014
2014-01-28;-4019
2014-01-29;-4024
2014-01-30;-4029
2014-01-31;-4035
2014-02-01;-4039
2014-02-02;-4044
2014-02-03;-4048
2014-02-04;-4053
2014-02-05;-4058
2014-02-06;-4064
2014-02-07;-4069
2014-02-08;-4074
2014-02-09;-4080
2014-02-10;-4084
2014-02-11;-4090
2014-02-12;-4096
2014-02-13;-4101
2014-02-14;-4107
2014-02-15;-4112
2014-02-16;-4117
2014-02-17;-4122
2014-02-18;-4128
2014-02-19;-4134
2014-02-20;-4138
2014-02-21;-4144
2014-02-22;-4149
2014-02-23;-4154
2014-02-24;-4160
2014-02-25;-4167
2014-02-26;-4173
2014-02-27;-4178
2014-02-28;-4185
2014-03-01;-4191
2014-03-02;-4197
2014-03-03;-4201
2014-03-04;-4208
2014-03-05;-4213
2014-03-06;-4218
2014-03-07;-4224
2014-03-08;-4229
2014-03-09;-4235
2014-03-10;-4240
2014-03-11;-4246
2014-03-12;-4250
2014-03-13;-4255
2014-03-14;-4259
2014-03-15;-4263
2014-03-16;-4266
2014-03-17;-4270
2014-03-18;-4274
2014-03-19;-4278
2014-03-20;-4281
2014-03-21;-4285
2014-03-22;-4290
2014-03-23;-4296
2014-03-24;-4301
2014-03-25;-4305
2014-03-26;-4310
2014-03-27;-4314
2014-03-28;-4320
2014-03-29;-4325
2014-03-30;-4330
2014-03-31;-4333
2014-04-01;-4338
2014-04-02;-4343
2014-04-03;-4347
2014-04-04;-4353
2014-04-05;-4358
2014-04-06;-4363
2014-04-07;-4368
2014-04-08;-4372
2014-04-09;-4378
2014-04-10;-4383
2014-04-11;-4388
2014-04-12;-4393
2014-04-13;-4398
2014-04-14;-4402
2014-04-15;-4406
2014-04-16;-4410
2014-04-17;-4415
2014-04-18;-4419
2014-04-19;-4423
2014-04-20;-4425
2014-04-21;-4428
2014-04-22;-4430
2014-04-23;-4431
2014-04-24;-4432
2014-04-25;-4433
2014-04-26;-4434
2014-04-27;-4432
2014-04-28;-4429
2014-04-29;-4422
2014-04-30;-4419
2014-05-01;-4416
2014-05-02;-4414
2014-05-03;-4413
2014-05-04;-4415
2014-05-05;-4416
2014-05-06;-4417
2014-05-07;-4418
2014-05-08;-4418
2014-05-09;-4418
2014-05-10;-4420
2014-05-11;-4422
2014-05-12;-4420
2014-05-13;-4421
2014-05-14;-4421
2014-05-15;-4421
2014-05-16;-4421
2014-05-17;-4423
2014-05-18;-4425
2014-05-19;-4427
2014-05-20;-4429
2014-05-21;-4433
2014-05-22;-4436
2014-05-23;-4440
2014-05-24;-4440
2014-05-25;-4430
2014-05-26;-4419
2014-05-27;-4409
2014-05-28;-4398
2014-05-29;-4385
2014-05-30;-4376
2014-05-31;-4371
2014-06-01;-4368
2014-06-02;-4368
2014-06-03;-4367
2014-06-04;-4363
2014-06-05;-4360
2014-06-06;-4357
2014-06-07;-4353
2014-06-08;-4339
2014-06-09;-4328
2014-06-10;-4321
2014-06-11;-4318
2014-06-12;-4318
2014-06-13;-4316
2014-06-14;-4318
2014-06-15;-4318
2014-06-16;-4319
2014-06-17;-4320
2014-06-18;-4322
2014-06-19;-4324
2014-06-20;-4325
2014-06-21;-4326
2014-06-22;-4328
2014-06-23;-4329
2014-06-24;-4329
2014-06-25;-4332
2014-06-26;-4335
2014-06-27;-4336
2014-06-28;-4337
2014-06-29;-4339
2014-06-30;-4340
2014-07-01;-4343
2014-07-02;-4346
2014-07-03;-4345
2014-07-04;-4345
2014-07-05;-4345
2014-07-06;-4331
2014-07-07;-4314
2014-07-08;-4296
2014-07-09;-4286
2014-07-10;-4282
2014-07-11;-4278
2014-07-12;-4278
2014-07-13;-4276
2014-07-14;-4276
2014-07-15;-4277
2014-07-16;-4278
2014-07-17;-4279
2014-07-18;-4280
2014-07-19;-4280
2014-07-20;-4271
2014-07-21;-4264
2014-07-22;-4251
2014-07-23;-4243
2014-07-24;-4238
2014-07-25;-4235
2014-07-26;-4233
2014-07-27;-4233
2014-07-28;-4233
2014-07-29;-4232
2014-07-30;-4225
2014-07-31;-4200
2014-08-01;-4190
2014-08-02;-4177
2014-08-03;-4165
2014-08-04;-4153
2014-08-05;-4147
2014-08-06;-4141
2014-08-07;-4135
2014-08-08;-4132
2014-08-09;-4131
2014-08-10;-4130
2014-08-11;-4130
2014-08-12;-4129
2014-08-13;-4128
2014-08-14;-4129
2014-08-15;-4129
2014-08-16;-4130
2014-08-17;-4131
2014-08-18;-4132
2014-08-19;-4133
2014-08-20;-4135
2014-08-21;-4137
2014-08-22;-4138
2014-08-23;-4139
2014-08-24;-4140
2014-08-25;-4142
2014-08-26;-4143
2014-08-27;-4144
2014-08-28;-4145
2014-08-29;-4143
2014-08-30;-4143
2014-08-31;-4143
2014-09-01;-4141
2014-09-02;-4139
2014-09-03;-4140
2014-09-04;-4140
2014-09-05;-4139
2014-09-06;-4139
2014-09-07;-4141
2014-09-08;-4142
2014-09-09;-4141
2014-09-10;-4138
2014-09-11;-4135
2014-09-12;-4133
2014-09-13;-4128
2014-09-14;-4131
2014-09-15;-4128
2014-09-16;-4125
2014-09-17;-4121
2014-09-18;-4119
2014-09-19;-4112
2014-09-20;-4110
2014-09-21;-4108
2014-09-22;-4108
2014-09-23;-4106
2014-09-24;-4102
2014-09-25;-4102
2014-09-26;-4102
2014-09-27;-4105
2014-09-28;-4105
2014-09-29;-4105
2014-09-30;-4108
2014-10-01;-4109
2014-10-02;-4110
2014-10-03;-4113
2014-10-04;-4114
2014-10-05;-4116
2014-10-06;-4117
2014-10-07;-4117
2014-10-08;-4118
2014-10-09;-4118
2014-10-10;-4118
2014-10-11;-4120
2014-10-12;-4121
2014-10-13;-4124
2014-10-14;-4125
2014-10-15;-4129
2014-10-16;-4131
2014-10-17;-4131
2014-10-18;-4131
2014-10-19;-4132
2014-10-20;-4133
2014-10-21;-4134
2014-10-22;-4135
2014-10-23;-4137
2014-10-24;-4140
2014-10-25;-4143
2014-10-26;-4148
2014-10-27;-4150
2014-10-28;-4151
2014-10-29;-4151
2014-10-30;-4151
2014-10-31;-4153
2014-11-01;-4156
2014-11-02;-4159
2014-11-03;-4160
2014-11-04;-4162
2014-11-05;-4163
2014-11-06;-4165
2014-11-07;-4167
2014-11-08;-4169
2014-11-09;-4171
2014-11-10;-4173
2014-11-11;-4175
2014-11-12;-4177
2014-11-13;-4179
2014-11-14;-4181
2014-11-15;-4183
2014-11-16;-4185
2014-11-17;-4188
2014-11-18;-4191
2014-11-19;-4194
2014-11-20;-4197
2014-11-21;-4199
2014-11-22;-4201
2014-11-23;-4203
2014-11-24;-4204
2014-11-25;-4207
2014-11-26;-4210
2014-11-27;-4212
2014-11-28;-4214
2014-11-29;-4218
2014-11-30;-4220
2014-12-01;-4221
2014-12-02;-4222
2014-12-03;-4224
2014-12-04;-4227
2014-12-05;-4228
2014-12-06;-4231
2014-12-07;-4234
2014-12-08;-4236
2014-12-09;-4239
2014-12-10;-4243
2014-12-11;-4246
2014-12-12;-4249
2014-12-13;-4251
2014-12-14;-4254
2014-12-15;-4258
2014-12-16;-4259
2014-12-17;-4261
2014-12-18;-4264
2014-12-19;-4266
2014-12-20;-4270
2014-12-21;-4273
2014-12-22;-4276
2014-12-23;-4278
2014-12-24;-4282
2014-12-25;-4285
2014-12-26;-4286
2014-12-27;-4290
2014-12-28;-4293
2014-12-29;-4295
2014-12-30;-4298
2014-12-31;-4301
2015-01-01;-4303
2015-01-02;-4307
2015-01-03;-4309
2015-01-04;-4311
2015-01-05;-4314
2015-01-06;-4315
2015-01-07;-4318
2015-01-08;-4321
2015-01-09;-4324
2015-01-10;-4327
2015-01-11;-4329
2015-01-12;-4331
2015-01-13;-4335
2015-01-14;-4337
2015-01-15;-4340
2015-01-16;-4342
2015-01-17;-4345
2015-01-18;-4347
2015-01-19;-4351
2015-01-20;-4354
2015-01-21;-4358
2015-01-22;-4360
2015-01-23;-4363
2015-01-24;-4365
2015-01-25;-4367
2015-01-26;-4370
2015-01-27;-4372
2015-01-28;-4375
2015-01-29;-4377
2015-01-30;-4380
2015-01-31;-4383
2015-02-01;-4386
2015-02-02;-4387
2015-02-03;-4390
2015-02-04;-4392
2015-02-05;-4394
2015-02-06;-4397
2015-02-07;-4398
2015-02-08;-4401
2015-02-09;-4404
2015-02-10;-4407
2015-02-11;-4410
2015-02-12;-4412
2015-02-13;-4414
2015-02-14;-4416
2015-02-15;-4419
2015-02-16;-4422
2015-02-17;-4425
2015-02-18;-4427
2015-02-19;-4429
2015-02-20;-4431
2015-02-21;-4432
2015-02-22;-4433
2015-02-23;-4434
2015-02-24;-4438
2015-02-25;-4441
2015-02-26;-4444
2015-02-27;-4446
2015-02-28;-4449
2015-03-01;-4451
2015-03-02;-4454
2015-03-03;-4456
2015-03-04;-4459
2015-03-05;-4462
2015-03-06;-4464
2015-03-07;-4466
2015-03-08;-4468
2015-03-09;-4470
2015-03-10;-4471
2015-03-11;-4474
2015-03-12;-4477
2015-03-13;-4480
2015-03-14;-4483
2015-03-15;-4485
2015-03-16;-4488
2015-03-17;-4490
2015-03-18;-4492
2015-03-19;-4494
2015-03-20;-4495
2015-03-21;-4496
2015-03-22;-4499
2015-03-23;-4501
2015-03-24;-4503
2015-03-25;-4505
2015-03-26;-4506
2015-03-27;-4510
2015-03-28;-4512
2015-03-29;-4515
2015-03-30;-4518
2015-03-31;-4520
2015-04-01;-4522
2015-04-02;-4523
2015-04-03;-4526
2015-04-04;-4527
2015-04-05;-4528
2015-04-06;-4530
2015-04-07;-4532
2015-04-08;-4534
2015-04-09;-4539
2015-04-10;-4542
2015-04-11;-4544
2015-04-12;-4546
2015-04-13;-4549
2015-04-14;-4551
2015-04-15;-4553
2015-04-16;-4556
2015-04-17;-4558
2015-04-18;-4560
2015-04-19;-4562
2015-04-20;-4566
2015-04-21;-4570
2015-04-22;-4573
2015-04-23;-4575
2015-04-24;-4577
2015-04-25;-4578
2015-04-26;-4579
2015-04-27;-4580
2015-04-28;-4581
2015-04-29;-4574
2015-04-30;-4561
2015-05-01;-4541
2015-05-02;-4521
2015-05-03;-4499
2015-05-04;-4483
2015-05-05;-4474
2015-05-06;-4466
2015-05-07;-4461
2015-05-08;-4453
2015-05-09;-4450
2015-05-10;-4444
2015-05-11;-4438
2015-05-12;-4429
2015-05-13;-4418
2015-05-14;-4410
2015-05-15;-4404
2015-05-16;-4400
2015-05-17;-4398
2015-05-18;-4392
2015-05-19;-4389
2015-05-20;-4385
2015-05-21;-4383
2015-05-22;-4379
2015-05-23;-4377
2015-05-24;-4376
2015-05-25;-4375
2015-05-26;-4374
2015-05-27;-4373
2015-05-28;-4372
2015-05-29;-4371
2015-05-30;-4369
2015-05-31;-4368
2015-06-01;-4364
2015-06-02;-4360
2015-06-03;-4356
2015-06-04;-4353
2015-06-05;-4352
2015-06-06;-4351
2015-06-07;-4350
2015-06-08;-4346
2015-06-09;-4343
2015-06-10;-4341
2015-06-11;-4338
2015-06-12;-4336
2015-06-13;-4336
2015-06-14;-4337
2015-06-15;-4337
2015-06-16;-4338
2015-06-17;-4339
2015-06-18;-4340
2015-06-19;-4342
2015-06-20;-4345
2015-06-21;-4346
2015-06-22;-4349
2015-06-23;-4351
2015-06-24;-4354
2015-06-25;-4357
2015-06-26;-4359
2015-06-27;-4361
2015-06-28;-4362
2015-06-29;-4363
2015-06-30;-4363
2015-07-01;-4360
2015-07-02;-4359
2015-07-03;-4358
2015-07-04;-4359
2015-07-05;-4359
2015-07-06;-4362
2015-07-07;-4363
2015-07-08;-4364
2015-07-09;-4365
2015-07-10;-4365
2015-07-11;-4367
2015-07-12;-4368
2015-07-13;-4369
2015-07-14;-4370
2015-07-15;-4371
2015-07-16;-4371
2015-07-17;-4372
2015-07-18;-4375
2015-07-19;-4376
2015-07-20;-4379
2015-07-21;-4381
2015-07-22;-4383
2015-07-23;-4385
2015-07-24;-4387
2015-07-25;-4389
2015-07-26;-4391
2015-07-27;-4391
2015-07-28;-4389
2015-07-29;-4386
2015-07-30;-4381
2015-07-31;-4379
2015-08-01;-4377
2015-08-02;-4376
2015-08-03;-4376
2015-08-04;-4376
2015-08-05;-4376
2015-08-06;-4376
2015-08-07;-4376
2015-08-08;-4376
2015-08-09;-4375
2015-08-10;-4374
2015-08-11;-4373
2015-08-12;-4373
2015-08-13;-4374
2015-08-14;-4372
2015-08-15;-4372
2015-08-16;-4368
2015-08-17;-4353
2015-08-18;-4343
2015-08-19;-4338
2015-08-20;-4333
2015-08-21;-4330
2015-08-22;-4326
2015-08-23;-4323
2015-08-24;-4318
2015-08-25;-4314
2015-08-26;-4314
2015-08-27;-4314
2015-08-28;-4314
2015-08-29;-4313
2015-08-30;-4313
2015-08-31;-4313
2015-09-01;-4313
2015-09-02;-4313
2015-09-03;-4313
2015-09-04;-4314
2015-09-05;-4315
2015-09-06;-4317
2015-09-07;-4318
2015-09-08;-4320
2015-09-09;-4324
2015-09-10;-4322
2015-09-11;-4321
2015-09-12;-4320
2015-09-13;-4320
2015-09-14;-4321
2015-09-15;-4321
2015-09-16;-4322
2015-09-17;-4322
2015-09-18;-4322
2015-09-19;-4322
2015-09-20;-4321
2015-09-21;-4323
2015-09-22;-4321
2015-09-23;-4321
2015-09-24;-4321
2015-09-25;-4321
2015-09-26;-4321
2015-09-27;-4320
2015-09-28;-4320
2015-09-29;-4321
2015-09-30;-4323
2015-10-01;-4324
2015-10-02;-4323
2015-10-03;-4322
2015-10-04;-4321
2015-10-05;-4323
2015-10-06;-4323
2015-10-07;-4324
2015-10-08;-4325
2015-10-09;-4326
2015-10-10;-4326
2015-10-11;-4327
2015-10-12;-4326
2015-10-13;-4326
2015-10-14;-4327
2015-10-15;-4329
2015-10-16;-4330
2015-10-17;-4331
2015-10-18;-4331
2015-10-19;-4332
2015-10-20;-4333
2015-10-21;-4335
2015-10-22;-4336
2015-10-23;-4338
2015-10-24;-4340
2015-10-25;-4342
2015-10-26;-4344
2015-10-27;-4345
2015-10-28;-4346
2015-10-29;-4348
2015-10-30;-4350
2015-10-31;-4352
2015-11-01;-4354
2015-11-02;-4355
2015-11-03;-4358
2015-11-04;-4358
2015-11-05;-4360
2015-11-06;-4362
2015-11-07;-4363
2015-11-08;-4364
2015-11-09;-4368
2015-11-10;-4371
2015-11-11;-4372
2015-11-12;-4372
2015-11-13;-4373
2015-11-14;-4376
2015-11-15;-4379
2015-11-16;-4380
2015-11-17;-4382
2015-11-18;-4383
2015-11-19;-4386
2015-11-20;-4389
2015-11-21;-4390
2015-11-22;-4392
2015-11-23;-4394
2015-11-24;-4396
2015-11-25;-4398
2015-11-26;-4400
2015-11-27;-4401
2015-11-28;-4402
2015-11-29;-4404
2015-11-30;-4407
2015-12-01;-4408
2015-12-02;-4409
2015-12-03;-4409
2015-12-04;-4410
2015-12-05;-4411
2015-12-06;-4414
2015-12-07;-4417
2015-12-08;-4420
2015-12-09;-4422
2015-12-10;-4425
2015-12-11;-4426
2015-12-12;-4428
2015-12-13;-4430
2015-12-14;-4431
2015-12-15;-4432
2015-12-16;-4434
2015-12-17;-4436
2015-12-18;-4438
2015-12-19;-4441
2015-12-20;-4444
2015-12-21;-4445
2015-12-22;-4446
2015-12-23;-4448
2015-12-24;-4450
2015-12-25;-4452
2015-12-26;-4454
2015-12-27;-4456
2015-12-28;-4459
2015-12-29;-4462
2015-12-30;-4464
2015-12-31;-4468
2016-01-01;-4468
2016-01-02;-4469
2016-01-03;-4472
2016-01-04;-4474
2016-01-05;-4476
2016-01-06;-4478
2016-01-07;-4481
2016-01-08;-4482
2016-01-09;-4484
2016-01-10;-4487
2016-01-11;-4488
2016-01-12;-4491
2016-01-13;-4494
2016-01-14;-4496
2016-01-15;-4499
2016-01-16;-4502
2016-01-17;-4504
2016-01-18;-4507
2016-01-19;-4508
2016-01-20;-4510
2016-01-21;-4513
2016-01-22;-4514
2016-01-23;-4516
2016-01-24;-4519
2016-01-25;-4522
2016-01-26;-4525
2016-01-27;-4527
2016-01-28;-4530
2016-01-29;-4533
2016-01-30;-4535
2016-01-31;-4539
2016-02-01;-4540
2016-02-02;-4542
2016-02-03;-4544
2016-02-04;-4546
2016-02-05;-4548
2016-02-06;-4551
2016-02-07;-4554
2016-02-08;-4557
2016-02-09;-4559
2016-02-10;-4561
2016-02-11;-4564
2016-02-12;-4565
2016-02-13;-4568
2016-02-14;-4570
2016-02-15;-4572
2016-02-16;-4574
2016-02-17;-4576
2016-02-18;-4580
2016-02-19;-4583
2016-02-20;-4586
2016-02-21;-4589
2016-02-22;-4593
2016-02-23;-4595
2016-02-24;-4596
2016-02-25;-4598
2016-02-26;-4601
2016-02-27;-4603
2016-02-28;-4605
2016-02-29;-4609
2016-03-01;-4611
2016-03-02;-4613
2016-03-03;-4615
2016-03-04;-4618
2016-03-05;-4620
2016-03-06;-4622
2016-03-07;-4625
2016-03-08;-4628
2016-03-09;-4631
2016-03-10;-4634
2016-03-11;-4637
2016-03-12;-4639
2016-03-13;-4641
2016-03-14;-4644
2016-03-15;-4647
2016-03-16;-4647
2016-03-17;-4650
2016-03-18;-4653
2016-03-19;-4653
2016-03-20;-4655
2016-03-21;-4658
2016-03-22;-4661
2016-03-23;-4663
2016-03-24;-4666
2016-03-25;-4669
2016-03-26;-4671
2016-03-27;-4674
2016-03-28;-4675
2016-03-29;-4678
2016-03-30;-4681
2016-03-31;-4684
2016-04-01;-4685
2016-04-02;-4688
2016-04-03;-4690
2016-04-04;-4693
2016-04-05;-4695
2016-04-06;-4698
2016-04-07;-4701
2016-04-08;-4703
2016-04-09;-4706
2016-04-10;-4709
2016-04-11;-4711
2016-04-12;-4712
2016-04-13;-4714
2016-04-14;-4717
2016-04-15;-4719
2016-04-16;-4722
2016-04-17;-4723
2016-04-18;-4725
2016-04-19;-4729
2016-04-20;-4733
2016-04-21;-4735
2016-04-22;-4738
2016-04-23;-4739
2016-04-24;-4740
2016-04-25;-4743
2016-04-26;-4745
2016-04-27;-4746
2016-04-28;-4748
2016-04-29;-4749
2016-04-30;-4743
2016-05-01;-4730
2016-05-02;-4717
2016-05-03;-4699
2016-05-04;-4677
2016-05-05;-4658
2016-05-06;-4644
2016-05-07;-4625
2016-05-08;-4613
2016-05-09;-4603
2016-05-10;-4594
2016-05-11;-4584
2016-05-12;-4572
2016-05-13;-4558
2016-05-14;-4542
2016-05-15;-4528
2016-05-16;-4519
2016-05-17;-4510
2016-05-18;-4503
2016-05-19;-4498
2016-05-20;-4486
2016-05-21;-4480
2016-05-22;-4467
2016-05-23;-4455
2016-05-24;-4450
2016-05-25;-4444
2016-05-26;-4444
2016-05-27;-4438
2016-05-28;-4432
2016-05-29;-4428
2016-05-30;-4423
2016-05-31;-4415
2016-06-01;-4411
2016-06-02;-4407
2016-06-03;-4404
2016-06-04;-4402
2016-06-05;-4399
2016-06-06;-4397
2016-06-07;-4397
2016-06-08;-4394
2016-06-09;-4390
2016-06-10;-4381
2016-06-11;-4373
2016-06-12;-4368
2016-06-13;-4364
2016-06-14;-4362
2016-06-15;-4361
2016-06-16;-4361
2016-06-17;-4362
2016-06-18;-4363
2016-06-19;-4364
2016-06-20;-4366
2016-06-21;-4366
2016-06-22;-4360
2016-06-23;-4337
2016-06-24;-4319
2016-06-25;-4305
2016-06-26;-4299
2016-06-27;-4294
2016-06-28;-4289
2016-06-29;-4286
2016-06-30;-4284
2016-07-01;-4281
2016-07-02;-4276
2016-07-03;-4270
2016-07-04;-4260
2016-07-05;-4243
2016-07-06;-4237
2016-07-07;-4219
2016-07-08;-4200
2016-07-09;-4183
2016-07-10;-4173
2016-07-11;-4167
2016-07-12;-4145
2016-07-13;-4085
2016-07-14;-4039
2016-07-15;-4019
2016-07-16;-4008
2016-07-17;-4001
2016-07-18;-3998
2016-07-19;-3996
2016-07-20;-3994
2016-07-21;-3993
2016-07-22;-3988
2016-07-23;-3976
2016-07-24;-3966
2016-07-25;-3954
2016-07-26;-3932
2016-07-27;-3908
2016-07-28;-3891
2016-07-29;-3882
2016-07-30;-3872
2016-07-31;-3868
2016-08-01;-3864
2016-08-02;-3858
2016-08-03;-3851
2016-08-04;-3831
2016-08-05;-3820
2016-08-06;-3813
2016-08-07;-3809
2016-08-08;-3806
2016-08-09;-3804
2016-08-10;-3803
2016-08-11;-3802
2016-08-12;-3802
2016-08-13;-3800
2016-08-14;-3794
2016-08-15;-3788
2016-08-16;-3781
2016-08-17;-3776
2016-08-18;-3770
2016-08-19;-3766
2016-08-20;-3765
2016-08-21;-3760
2016-08-22;-3755
2016-08-23;-3755
2016-08-24;-3754
2016-08-25;-3751
2016-08-26;-3747
2016-08-27;-3743
2016-08-28;-3739
2016-08-29;-3736
2016-08-30;-3733
2016-08-31;-3732
2016-09-01;-3734
2016-09-02;-3734
2016-09-03;-3731
2016-09-04;-3727
2016-09-05;-3724
2016-09-06;-3722
2016-09-07;-3721
2016-09-08;-3719
2016-09-09;-3716
2016-09-10;-3713
2016-09-11;-3711
2016-09-12;-3710
2016-09-13;-3709
2016-09-14;-3707
2016-09-15;-3700
2016-09-16;-3696
2016-09-17;-3692
2016-09-18;-3688
2016-09-19;-3687
2016-09-20;-3686
2016-09-21;-3684
2016-09-22;-3684
2016-09-23;-3684
2016-09-24;-3683
2016-09-25;-3681
2016-09-26;-3680
2016-09-27;-3678
2016-09-28;-3679
2016-09-29;-3680
2016-09-30;-3680
2016-10-01;-3680
2016-10-02;-3681
2016-10-03;-3681
2016-10-04;-3681
2016-10-05;-3680
2016-10-06;-3679
2016-10-07;-3679
2016-10-08;-3680
2016-10-09;-3681
2016-10-10;-3682
2016-10-11;-3685
2016-10-12;-3687
2016-10-13;-3689
2016-10-14;-3693
2016-10-15;-3696
2016-10-16;-3696
2016-10-17;-3699
2016-10-18;-3701
2016-10-19;-3702
2016-10-20;-3705
2016-10-21;-3710
2016-10-22;-3712
2016-10-23;-3716
2016-10-24;-3718
2016-10-25;-3721
2016-10-26;-3725
2016-10-27;-3728
2016-10-28;-3731
2016-10-29;-3734
2016-10-30;-3738
2016-10-31;-3742
2016-11-01;-3749
2016-11-02;-3753
2016-11-03;-3755
2016-11-04;-3760
2016-11-05;-3762
2016-11-06;-3765
2016-11-07;-3770
2016-11-08;-3774
2016-11-09;-3778
2016-11-10;-3782
2016-11-11;-3785
2016-11-12;-3788
2016-11-13;-3793
2016-11-14;-3796
2016-11-15;-3800
2016-11-16;-3804
2016-11-17;-3807
2016-11-18;-3809
2016-11-19;-3812
2016-11-20;-3815
2016-11-21;-3818
2016-11-22;-3822
2016-11-23;-3825
2016-11-24;-3828
2016-11-25;-3831
2016-11-26;-3834
2016-11-27;-3837
2016-11-28;-3841
2016-11-29;-3845
2016-11-30;-3849
2016-12-01;-3852
2016-12-02;-3855
2016-12-03;-3859
2016-12-04;-3863
2016-12-05;-3866
2016-12-06;-3869
2016-12-07;-3874
2016-12-08;-3878
2016-12-09;-3883
2016-12-10;-3887
2016-12-11;-3891
2016-12-12;-3894
2016-12-13;-3898
2016-12-14;-3902
2016-12-15;-3906
2016-12-16;-3910
2016-12-17;-3913
2016-12-18;-3920
2016-12-19;-3924
2016-12-20;-3928
2016-12-21;-3933
2016-12-22;-3938
2016-12-23;-3942
2016-12-24;-3947
2016-12-25;-3952
2016-12-26;-3954
2016-12-27;-3958
2016-12-28;-3963
2016-12-29;-3967
2016-12-30;-3971
2016-12-31;-3976
2017-01-01;-3980
2017-01-02;-3985
2017-01-03;-3990
2017-01-04;-3994
2017-01-05;-3998
2017-01-06;-4003
2017-01-07;-4007
2017-01-08;-4012
2017-01-09;-4017
2017-01-10;-4021
2017-01-11;-4026
2017-01-12;-4030
2017-01-13;-4034
2017-01-14;-4038
2017-01-15;-4042
2017-01-16;-4046
2017-01-17;-4050
2017-01-18;-4054
2017-01-19;-4059
2017-01-20;-4064
2017-01-21;-4069
2017-01-22;-4074
2017-01-23;-4078
2017-01-24;-4083
2017-01-25;-4088
2017-01-26;-4092
2017-01-27;-4095
2017-01-28;-4099
2017-01-29;-4102
2017-01-30;-4107
2017-01-31;-4110
2017-02-01;-4113
2017-02-02;-4117
2017-02-03;-4120
2017-02-04;-4123
2017-02-05;-4127
2017-02-06;-4131
2017-02-07;-4134
2017-02-08;-4138
2017-02-09;-4142
2017-02-10;-4145
2017-02-11;-4149
2017-02-12;-4152
2017-02-13;-4157
2017-02-14;-4161
2017-02-15;-4164
2017-02-16;-4168
2017-02-17;-4172
2017-02-18;-4176
2017-02-19;-4180
2017-02-20;-4184
2017-02-21;-4188
2017-02-22;-4192
2017-02-23;-4195
2017-02-24;-4201
2017-02-25;-4207
2017-02-26;-4211
2017-02-27;-4215
2017-02-28;-4218
2017-03-01;-4220
2017-03-02;-4222
2017-03-03;-4225
2017-03-04;-4228
2017-03-05;-4233
2017-03-06;-4238
2017-03-07;-4242
2017-03-08;-4245
2017-03-09;-4249
2017-03-10;-4254
2017-03-11;-4256
2017-03-12;-4258
2017-03-13;-4262
2017-03-14;-4265
2017-03-15;-4269
2017-03-16;-4272
2017-03-17;-4275
2017-03-18;-4281
2017-03-19;-4287
2017-03-20;-4292
2017-03-21;-4296
2017-03-22;-4302
2017-03-23;-4308
2017-03-24;-4312
2017-03-25;-4316
2017-03-26;-4320
2017-03-27;-4325
2017-03-28;-4329
2017-03-29;-4331
2017-03-30;-4333
2017-03-31;-4336
2017-04-01;-4340
2017-04-02;-4343
2017-04-03;-4348
2017-04-04;-4352
2017-04-05;-4355
2017-04-06;-4359
2017-04-07;-4364
2017-04-08;-4368
2017-04-09;-4372
2017-04-10;-4375
2017-04-11;-4377
2017-04-12;-4380
2017-04-13;-4384
2017-04-14;-4386
2017-04-15;-4390
2017-04-16;-4394
2017-04-17;-4398
2017-04-18;-4402
2017-04-19;-4405
2017-04-20;-4408
2017-04-21;-4410
2017-04-22;-4411
2017-04-23;-4414
2017-04-24;-4416
2017-04-25;-4417
2017-04-26;-4418
2017-04-27;-4420
2017-04-28;-4421
2017-04-29;-4423
2017-04-30;-4423
2017-05-01;-4424
2017-05-02;-4424
2017-05-03;-4424
2017-05-04;-4424
2017-05-05;-4424
2017-05-06;-4423
2017-05-07;-4420
2017-05-08;-4416
2017-05-09;-4410
2017-05-10;-4406
2017-05-11;-4404
2017-05-12;-4399
2017-05-13;-4396
2017-05-14;-4390
2017-05-15;-4381
2017-05-16;-4374
2017-05-17;-4369
2017-05-18;-4364
2017-05-19;-4359
2017-05-20;-4356
2017-05-21;-4352
2017-05-22;-4348
2017-05-23;-4344
2017-05-24;-4341
2017-05-25;-4339
2017-05-26;-4339
2017-05-27;-4339
2017-05-28;-4337
2017-05-29;-4327
2017-05-30;-4302
2017-05-31;-4278
2017-06-01;-4265
2017-06-02;-4257
2017-06-03;-4248
2017-06-04;-4245
2017-06-05;-4243
2017-06-06;-4243
2017-06-07;-4243
2017-06-08;-4238
2017-06-09;-4230
2017-06-10;-4224
2017-06-11;-4222
2017-06-12;-4219
2017-06-13;-4218
2017-06-14;-4218
2017-06-15;-4218
2017-06-16;-4220
2017-06-17;-4219
2017-06-18;-4219
2017-06-19;-4219
2017-06-20;-4219
2017-06-21;-4219
2017-06-22;-4220
2017-06-23;-4220
2017-06-24;-4222
2017-06-25;-4224
2017-06-26;-4224
2017-06-27;-4225
2017-06-28;-4226
2017-06-29;-4226
2017-06-30;-4228
2017-07-01;-4227
2017-07-02;-4227
2017-07-03;-4228
2017-07-04;-4231
2017-07-05;-4233
2017-07-06;-4236
2017-07-07;-4238
2017-07-08;-4238
2017-07-09;-4240
2017-07-10;-4240
2017-07-11;-4240
2017-07-12;-4239
2017-07-13;-4239
2017-07-14;-4239
2017-07-15;-4238
2017-07-16;-4238
2017-07-17;-4238
2017-07-18;-4235
2017-07-19;-4232
2017-07-20;-4216
2017-07-21;-4202
2017-07-22;-4189
2017-07-23;-4180
2017-07-24;-4176
2017-07-25;-4175
2017-07-26;-4175
2017-07-27;-4173
2017-07-28;-4173
2017-07-29;-4173
2017-07-30;-4173
2017-07-31;-4172
2017-08-01;-4172
2017-08-02;-4170
2017-08-03;-4170
2017-08-04;-4170
2017-08-05;-4170
2017-08-06;-4170
2017-08-07;-4172
2017-08-08;-4173
2017-08-09;-4173
2017-08-10;-4170
2017-08-11;-4165
2017-08-12;-4157
2017-08-13;-4150
2017-08-14;-4145
2017-08-15;-4143
2017-08-16;-4141
2017-08-17;-4140
2017-08-18;-4139
2017-08-19;-4137
2017-08-20;-4136
2017-08-21;-4135
2017-08-22;-4131
2017-08-23;-4124
2017-08-24;-4112
2017-08-25;-4100
2017-08-26;-4089
2017-08-27;-4081
2017-08-28;-4076
2017-08-29;-4070
2017-08-30;-4062
2017-08-31;-4051
2017-09-01;-4040
2017-09-02;-4033
2017-09-03;-4027
2017-09-04;-4024
2017-09-05;-4020
2017-09-06;-4016
2017-09-07;-4012
2017-09-08;-4005
2017-09-09;-3999
2017-09-10;-3996
2017-09-11;-3992
2017-09-12;-3989
2017-09-13;-3987
2017-09-14;-3985
2017-09-15;-3984
2017-09-16;-3982
2017-09-17;-3982
2017-09-18;-3982
2017-09-19;-3980
2017-09-20;-3979
2017-09-21;-3976
2017-09-22;-3975
2017-09-23;-3974
2017-09-24;-3975
2017-09-25;-3972
2017-09-26;-3970
2017-09-27;-3968
2017-09-28;-3967
2017-09-29;-3962
2017-09-30;-3957
2017-10-01;-3954
2017-10-02;-3950
2017-10-03;-3948
2017-10-04;-3948
2017-10-05;-3948
2017-10-06;-3947
2017-10-07;-3946
2017-10-08;-3945
2017-10-09;-3945
2017-10-10;-3945
2017-10-11;-3946
2017-10-12;-3946
2017-10-13;-3947
2017-10-14;-3948
2017-10-15;-3949
2017-10-16;-3951
2017-10-17;-3951
2017-10-18;-3953
2017-10-19;-3956
2017-10-20;-3956
2017-10-21;-3956
2017-10-22;-3957
2017-10-23;-3959
2017-10-24;-3964
2017-10-25;-3964
2017-10-26;-3965
2017-10-27;-3970
2017-10-28;-3971
2017-10-29;-3968
2017-10-30;-3969
2017-10-31;-3974
2017-11-01;-3977
2017-11-02;-3979
2017-11-03;-3982
2017-11-04;-3985
2017-11-05;-3988
2017-11-06;-3989
2017-11-07;-3991
2017-11-08;-3994
2017-11-09;-3996
2017-11-10;-3997
2017-11-11;-3999
2017-11-12;-4002
2017-11-13;-4003
2017-11-14;-4005
2017-11-15;-4007
2017-11-16;-4009
2017-11-17;-4012
2017-11-18;-4016
2017-11-19;-4018
2017-11-20;-4021
2017-11-21;-4024
2017-11-22;-4026
2017-11-23;-4028
2017-11-24;-4030
2017-11-25;-4034
2017-11-26;-4036
2017-11-27;-4038
2017-11-28;-4040
2017-11-29;-4042
2017-11-30;-4047
2017-12-01;-4049
2017-12-02;-4050
2017-12-03;-4054
2017-12-04;-4056
2017-12-05;-4058
2017-12-06;-4060
2017-12-07;-4062
2017-12-08;-4064
2017-12-09;-4066
2017-12-10;-4071
2017-12-11;-4071
2017-12-12;-4073
2017-12-13;-4075
2017-12-14;-4078
2017-12-15;-4080
2017-12-16;-4082
2017-12-17;-4084
2017-12-18;-4088
2017-12-19;-4091
2017-12-20;-4094
2017-12-21;-4094
2017-12-22;-4095
2017-12-23;-4098
2017-12-24;-4099
2017-12-25;-4102
2017-12-26;-4106
2017-12-27;-4109
2017-12-28;-4110
2017-12-29;-4111
2017-12-30;-4114
2017-12-31;-4117
2018-01-01;-4119
2018-01-02;-4122
2018-01-03;-4124
2018-01-04;-4126
2018-01-05;-4128
2018-01-06;-4132
2018-01-07;-4135
2018-01-08;-4138
2018-01-09;-4141
2018-01-10;-4143
2018-01-11;-4146
2018-01-12;-4149
2018-01-13;-4152
2018-01-14;-4155
2018-01-15;-4158
2018-01-16;-4159
2018-01-17;-4160
2018-01-18;-4162
2018-01-19;-4163
2018-01-20;-4166
2018-01-21;-4168
2018-01-22;-4171
2018-01-23;-4173
2018-01-24;-4176
2018-01-25;-4178
2018-01-26;-4180
2018-01-27;-4182
2018-01-28;-4185
2018-01-29;-4188
2018-01-30;-4192
2018-01-31;-4194
2018-02-01;-4197
2018-02-02;-4200
2018-02-03;-4203
2018-02-04;-4206
2018-02-05;-4208
2018-02-06;-4211
2018-02-07;-4213
2018-02-08;-4216
2018-02-09;-4218
2018-02-10;-4219
2018-02-11;-4222
2018-02-12;-4224
2018-02-13;-4226
2018-02-14;-4228
2018-02-15;-4232
2018-02-16;-4234
2018-02-17;-4237
2018-02-18;-4239
2018-02-19;-4242
2018-02-20;-4245
2018-02-21;-4248
2018-02-22;-4253
2018-02-23;-4254
2018-02-24;-4255
2018-02-25;-4258
2018-02-26;-4260
2018-02-27;-4264
2018-02-28;-4265
2018-03-01;-4268
2018-03-02;-4270
2018-03-03;-4274
2018-03-04;-4275
2018-03-05;-4277
2018-03-06;-4280
2018-03-07;-4282
2018-03-08;-4285
2018-03-09;-4288
2018-03-10;-4291
2018-03-11;-4294
2018-03-12;-4296
2018-03-13;-4299
2018-03-14;-4302
2018-03-15;-4304
2018-03-16;-4308
2018-03-17;-4311
2018-03-18;-4313
2018-03-19;-4315
2018-03-20;-4319
2018-03-21;-4322
2018-03-22;-4325
2018-03-23;-4328
2018-03-24;-4331
2018-03-25;-4334
2018-03-26;-4337
2018-03-27;-4340
2018-03-28;-4342
2018-03-29;-4346
2018-03-30;-4348
2018-03-31;-4351
2018-04-01;-4356
2018-04-02;-4359
2018-04-03;-4362
2018-04-04;-4366
2018-04-05;-4369
2018-04-06;-4371
2018-04-07;-4374
2018-04-08;-4376
2018-04-09;-4378
2018-04-10;-4381
2018-04-11;-4384
2018-04-12;-4386
2018-04-13;-4390
2018-04-14;-4393
2018-04-15;-4396
2018-04-16;-4398
2018-04-17;-4399
2018-04-18;-4400
2018-04-19;-4401
2018-04-20;-4402
2018-04-21;-4403
2018-04-22;-4404
2018-04-23;-4405
2018-04-24;-4405
2018-04-25;-4405
2018-04-26;-4405
2018-04-27;-4405
2018-04-28;-4405
2018-04-29;-4405
2018-04-30;-4406
2018-05-01;-4405
2018-05-02;-4405
2018-05-03;-4405
2018-05-04;-4404
2018-05-05;-4405
2018-05-06;-4406
2018-05-07;-4406
2018-05-08;-4407
2018-05-09;-4407
2018-05-10;-4408
2018-05-11;-4403
2018-05-12;-4400
2018-05-13;-4397
2018-05-14;-4395
2018-05-15;-4394
2018-05-16;-4393
2018-05-17;-4392
2018-05-18;-4389
2018-05-19;-4387
2018-05-20;-4385
2018-05-21;-4384
2018-05-22;-4384
2018-05-23;-4383
2018-05-24;-4381
2018-05-25;-4380
2018-05-26;-4378
2018-05-27;-4377
2018-05-28;-4376
2018-05-29;-4377
2018-05-30;-4378
2018-05-31;-4379
2018-06-01;-4380
2018-06-02;-4380
2018-06-03;-4381
2018-06-04;-4382
2018-06-05;-4383
2018-06-06;-4381
2018-06-07;-4380
2018-06-08;-4378
2018-06-09;-4377
2018-06-10;-4375
2018-06-11;-4374
2018-06-12;-4372
2018-06-13;-4371
2018-06-14;-4369
2018-06-15;-4367
2018-06-16;-4365
2018-06-17;-4362
2018-06-18;-4362
2018-06-19;-4361
2018-06-20;-4360
2018-06-21;-4360
2018-06-22;-4360
2018-06-23;-4360
2018-06-24;-4360
2018-06-25;-4360
2018-06-26;-4360
2018-06-27;-4360
2018-06-28;-4360
2018-06-29;-4361
2018-06-30;-4360
2018-07-01;-4361
2018-07-02;-4360
2018-07-03;-4358
2018-07-04;-4355
2018-07-05;-4352
2018-07-06;-4352
2018-07-07;-4348
2018-07-08;-4348
2018-07-09;-4350
2018-07-10;-4350
2018-07-11;-4350
2018-07-12;-4351
2018-07-13;-4350
2018-07-14;-4350
2018-07-15;-4349
2018-07-16;-4341
2018-07-17;-4334
2018-07-18;-4322
2018-07-19;-4309
2018-07-20;-4300
2018-07-21;-4293
2018-07-22;-4289
2018-07-23;-4283
2018-07-24;-4280
2018-07-25;-4272
2018-07-26;-4268
2018-07-27;-4262
2018-07-28;-4261
2018-07-29;-4260
2018-07-30;-4258
2018-07-31;-4256
2018-08-01;-4253
2018-08-02;-4250
2018-08-03;-4248
2018-08-04;-4248
2018-08-05;-4248
2018-08-06;-4249
2018-08-07;-4251
2018-08-08;-4253
2018-08-09;-4254
2018-08-10;-4254
2018-08-11;-4252
2018-08-12;-4253
2018-08-13;-4253
2018-08-14;-4252
2018-08-15;-4251
2018-08-16;-4252
2018-08-17;-4252
2018-08-18;-4252
2018-08-19;-4254
2018-08-20;-4254
2018-08-21;-4253
2018-08-22;-4251
2018-08-23;-4250
2018-08-24;-4248
2018-08-25;-4248
2018-08-26;-4248
2018-08-27;-4247
2018-08-28;-4245
2018-08-29;-4243
2018-08-30;-4242
2018-08-31;-4240
2018-09-01;-4238
2018-09-02;-4236
2018-09-03;-4234
2018-09-04;-4232
2018-09-05;-4229
2018-09-06;-4226
2018-09-07;-4224
2018-09-08;-4219
2018-09-09;-4217
2018-09-10;-4212
2018-09-11;-4211
2018-09-12;-4211
2018-09-13;-4209
2018-09-14;-4207
2018-09-15;-4200
2018-09-16;-4190
2018-09-17;-4176
2018-09-18;-4166
2018-09-19;-4157
2018-09-20;-4150
2018-09-21;-4145
2018-09-22;-4140
2018-09-23;-4137
2018-09-24;-4134
2018-09-25;-4131
2018-09-26;-4130
2018-09-27;-4130
2018-09-28;-4129
2018-09-29;-4127
2018-09-30;-4127
2018-10-01;-4126
2018-10-02;-4126
2018-10-03;-4126
2018-10-04;-4128
2018-10-05;-4128
2018-10-06;-4128
2018-10-07;-4127
2018-10-08;-4127
2018-10-09;-4123
2018-10-10;-4121
2018-10-11;-4119
2018-10-12;-4119
2018-10-13;-4119
2018-10-14;-4118
2018-10-15;-4117
2018-10-16;-4117
2018-10-17;-4116
2018-10-18;-4116
2018-10-19;-4116
2018-10-20;-4115
2018-10-21;-4117
2018-10-22;-4119
2018-10-23;-4122
2018-10-24;-4121
2018-10-25;-4121
2018-10-26;-4121
2018-10-27;-4122
2018-10-28;-4123
2018-10-29;-4122
2018-10-30;-4125
2018-10-31;-4127
2018-11-01;-4129
2018-11-02;-4132
2018-11-03;-4133
2018-11-04;-4134
2018-11-05;-4135
2018-11-06;-4138
2018-11-07;-4141
2018-11-08;-4142
2018-11-09;-4144
2018-11-10;-4147
2018-11-11;-4147
2018-11-12;-4148
2018-11-13;-4150
2018-11-14;-4151
2018-11-15;-4153
2018-11-16;-4155
2018-11-17;-4157
2018-11-18;-4159
2018-11-19;-4161
2018-11-20;-4165
2018-11-21;-4167
2018-11-22;-4169
2018-11-23;-4171
2018-11-24;-4172
2018-11-25;-4173
2018-11-26;-4174
2018-11-27;-4176
2018-11-28;-4177
2018-11-29;-4181
2018-11-30;-4186
2018-12-01;-4188
2018-12-02;-4188
2018-12-03;-4190
2018-12-04;-4191
2018-12-05;-4191
2018-12-06;-4194
2018-12-07;-4197
2018-12-08;-4200
2018-12-09;-4204
2018-12-10;-4207
2018-12-11;-4208
2018-12-12;-4210
2018-12-13;-4212
2018-12-14;-4214
2018-12-15;-4216
2018-12-16;-4218
2018-12-17;-4221
2018-12-18;-4223
2018-12-19;-4225
2018-12-20;-4228
2018-12-21;-4231
2018-12-22;-4231
2018-12-23;-4233
2018-12-24;-4237
2018-12-25;-4238
2018-12-26;-4239
2018-12-27;-4241
2018-12-28;-4244
2018-12-29;-4247
2018-12-30;-4249
2018-12-31;-4254
2019-01-08;-4253
2019-01-09;-4251
2019-01-10;-4248
2019-01-13;-4242
2019-01-20;-4223
2019-01-21;-4222
2019-01-22;-4220
2019-01-23;-4218
2019-01-24;-4215
2019-01-27;-4209
2019-01-28;-4206
2019-01-29;-4204
2019-01-30;-4199
2019-01-31;-4197
2019-02-07;-4181
2019-02-10;-4171
2019-02-11;-4169
2019-02-12;-4167
2019-02-13;-4166
2019-02-14;-4164
2019-02-17;-4156
2019-02-18;-4155
2019-02-19;-4152
2019-02-20;-4150
2019-02-21;-4148
2019-02-24;-4139
2019-02-26;-4133
2019-02-27;-4131
2019-02-28;-4128
2019-03-03;-4121
2019-03-04;-4117
2019-03-05;-4115
2019-03-06;-4111
2019-03-10;-4101
2019-03-11;-4099
2019-03-12;-4098
2019-03-13;-4095
2019-03-14;-4093
2019-03-17;-4088
2019-03-18;-4084
2019-03-19;-4081
2019-03-20;-4079
2019-03-21;-4077
2019-03-24;-4070
2019-03-25;-4068
2019-03-26;-4065
2019-03-27;-4063
2019-03-28;-4061
2019-03-31;-4053
2019-04-01;-4050
2019-04-02;-4048
2019-04-03;-4046
2019-04-04;-4043
2019-04-07;-4036
2019-04-08;-4034
2019-04-09;-4029
2019-04-10;-4028
2019-04-11;-4026
2019-04-14;-4016
2019-04-15;-4014
2019-04-16;-4012
2019-04-17;-4010
2019-04-18;-4007
2019-04-19;-4004
2019-04-20;-4001
2019-04-21;-3999
2019-04-22;-3998
2019-04-23;-3996
2019-04-24;-3994
2019-04-25;-3992
2019-04-26;-3991
2019-04-27;-3989
2019-04-28;-3988
2019-04-29;-3987
2019-04-30;-3990
2019-05-01;-3996
2019-05-02;-4001
2019-05-03;-4009
2019-05-04;-4016
2019-05-05;-4021
2019-05-06;-4025
2019-05-07;-4029
2019-05-08;-4030
2019-05-09;-4031
2019-05-12;-4038
2019-05-13;-4042
2019-05-14;-4049
2019-05-15;-4058
2019-05-16;-4069
2019-05-17;-4078
2019-05-18;-4084
2019-05-19;-4088
2019-05-20;-4092
2019-05-21;-4104
2019-05-22;-4110
2019-05-23;-4115
2019-05-24;-4120
2019-05-25;-4125
2019-05-26;-4131
2019-05-27;-4138
2019-05-28;-4146
2019-05-29;-4148
2019-05-30;-4149
2019-05-31;-4151
2019-06-01;-4152
2019-06-02;-4154
2019-06-03;-4155
2019-06-04;-4155
2019-06-05;-4153
2019-06-06;-4151
2019-06-07;-4151
2019-06-08;-4151
2019-06-09;-4150
2019-06-10;-4149
2019-06-11;-4149
2019-06-12;-4150
2019-06-13;-4154
2019-06-14;-4159
2019-06-15;-4161
2019-06-16;-4163
2019-06-17;-4164
2019-06-18;-4164
2019-06-19;-4164
2019-06-20;-4165
2019-06-21;-4163
2019-06-22;-4161
2019-06-23;-4159
2019-06-24;-4159
2019-06-25;-4161
2019-06-26;-4163
2019-06-27;-4166
2019-06-28;-4169
2019-06-29;-4170
2019-06-30;-4169
2019-07-01;-4168
2019-07-02;-4168
2019-07-03;-4168
2019-07-04;-4169
2019-07-05;-4169
2019-07-06;-4173
2019-07-07;-4176
2019-07-08;-4179
2019-07-09;-4181
2019-07-10;-4180
2019-07-11;-4182
2019-07-12;-4183
2019-07-13;-4185
2019-07-14;-4187
2019-07-15;-4188
2019-07-16;-4189
2019-07-17;-4191
2019-07-18;-4193
2019-07-19;-4195
2019-07-20;-4201
2019-07-21;-4211
2019-07-22;-4245
2019-07-23;-4294
2019-07-24;-4336
2019-07-25;-4362
2019-07-26;-4382
2019-07-27;-4395
2019-07-28;-4405
2019-07-29;-4412
2019-07-30;-4421
2019-07-31;-4426
2019-08-01;-4429
2019-08-02;-4432
2019-08-03;-4434
2019-08-04;-4436
2019-08-05;-4437
2019-08-06;-4438
2019-08-07;-4440
2019-08-08;-4442
2019-08-09;-4445
2019-08-10;-4448
2019-08-11;-4449
2019-08-12;-4450
2019-08-13;-4451
2019-08-14;-4451
2019-08-15;-4453
2019-08-16;-4456
2019-08-17;-4460
2019-08-18;-4466
2019-08-19;-4471
2019-08-20;-4476
2019-08-21;-4482
2019-08-22;-4487
2019-08-23;-4491
2019-08-24;-4495
2019-08-25;-4497
2019-08-26;-4499
2019-08-27;-4501
2019-08-28;-4502
2019-08-29;-4502
2019-08-30;-4502
2019-08-31;-4503
2019-09-01;-4503
2019-09-02;-4503
2019-09-03;-4502
2019-09-04;-4503
2019-09-05;-4503
2019-09-06;-4502
2019-09-07;-4502
2019-09-08;-4502
2019-09-09;-4507
2019-09-10;-4517
2019-09-11;-4525
2019-09-12;-4530
2019-09-13;-4537
2019-09-14;-4547
2019-09-15;-4558
2019-09-16;-4568
2019-09-17;-4580
2019-09-18;-4588
2019-09-19;-4594
2019-09-20;-4599
2019-09-21;-4605
2019-09-22;-4612
2019-09-23;-4616
2019-09-24;-4621
2019-09-25;-4626
2019-09-26;-4632
2019-09-27;-4636
2019-09-28;-4640
2019-09-29;-4640
2019-09-30;-4642
2019-10-01;-4645
2019-10-02;-4647
2019-10-03;-4649
2019-10-04;-4651
2019-10-05;-4653
2019-10-06;-4654
2019-10-07;-4655
2019-10-08;-4655
2019-10-09;-4655
2019-10-10;-4655
2019-10-11;-4656
2019-10-12;-4655
2019-10-13;-4654
2019-10-14;-4652
2019-10-15;-4651
2019-10-16;-4648
2019-10-17;-4646
2019-10-18;-4644
2019-10-19;-4644
2019-10-20;-4640
2019-10-21;-4638
2019-10-22;-4637
2019-10-23;-4636
2019-10-24;-4635
2019-10-25;-4634
2019-10-26;-4631
2019-10-27;-4629
2019-10-28;-4626
2019-10-29;-4623
2019-10-30;-4620
2019-10-31;-4617
2019-11-01;-4615
2019-11-02;-4614
2019-11-03;-4612
2019-11-04;-4610
2019-11-05;-4609
2019-11-06;-4606
2019-11-07;-4603
2019-11-10;-4594
2019-11-11;-4592
2019-11-12;-4590
2019-11-13;-4588
2019-11-14;-4585
2019-11-17;-4580
2019-11-18;-4577
2019-11-19;-4573
2019-11-20;-4571
2019-11-21;-4568
2019-11-24;-4561
2019-11-25;-4558
2019-11-26;-4557
2019-11-27;-4554
2019-11-28;-4551
2019-12-01;-4545
2019-12-02;-4544
2019-12-03;-4542
2019-12-04;-4541
2019-12-05;-4536
2019-12-08;-4527
2019-12-09;-4524
2019-12-10;-4522
2019-12-11;-4520
2019-12-12;-4517
2019-12-15;-4509
2019-12-16;-4507
2019-12-17;-4505
2019-12-18;-4502
2019-12-19;-4499
2019-12-22;-4492
2019-12-23;-4489
2019-12-24;-4486
2019-12-25;-4483
2019-12-26;-4480
2019-12-27;-4476
2019-12-29;-4472
2019-12-30;-4470
2020-04-25;-4140
2020-04-26;-4140
2020-04-27;-4140
2020-04-28;-4140
2020-04-29;-4140
2020-04-30;-4140
2020-05-01;-4134
2020-05-02;-4138
2020-05-03;-4143
2020-05-04;-4147
2020-05-05;-4150
2020-05-06;-4155
2020-05-07;-4159
2020-05-08;-4162
2020-05-09;-4165
2020-05-10;-4169
2020-05-11;-4174
2021-11-10;-4772
2021-11-11;-4769
2021-11-14;-4758
2021-11-16;-4751
2021-11-17;-4747
2021-11-22;-4730
2021-11-23;-4729
2021-11-24;-4727
2021-11-25;-4723
2021-11-28;-4708
2021-11-29;-4703
2021-11-30;-4699
